,date,open,high,close,low,volume,price_change,p_change,ma5,ma10,ma20,v_ma5,v_ma10,v_ma20,turnover,p_change_t1
482,2015/1/12,11.83,11.96,11.62,11.56,1956023.88,-0.45,-3.73,11.62,11.62,11.62,1956023.88,1956023.88,1956023.88,0.12,0.17
481,2015/1/13,11.64,11.84,11.64,11.53,1337554.38,0.02,0.17,11.63,11.63,11.63,1646789.13,1646789.13,1646789.13,0.08,-2.83
480,2015/1/14,11.63,11.74,11.31,11.16,1608475.25,-0.33,-2.83,11.523,11.523,11.523,1634017.84,1634017.84,1634017.84,0.1,8.66
479,2015/1/15,11.37,12.38,12.29,11.22,2494049.75,0.98,8.66,11.715,11.715,11.715,1849025.82,1849025.82,1849025.82,0.15,2.52
478,2015/1/16,12.1,12.9,12.6,12.06,3274461,0.31,2.52,11.892,11.892,11.892,2134112.85,2134112.85,2134112.85,0.2,-9.21
477,2015/1/19,12,12.34,11.44,11.34,3430422.75,-1.16,-9.21,11.856,11.817,11.817,2428992.63,2350164.5,2350164.5,0.21,3.41
476,2015/1/20,11.61,12.04,11.83,11.43,2475009.75,0.39,3.41,11.894,11.819,11.819,2656483.7,2367999.54,2367999.54,0.15,7.27
475,2015/1/21,11.76,12.9,12.69,11.65,3513149.75,0.86,7.27,12.17,11.928,11.928,3037418.6,2511143.31,2511143.31,0.22,-0.47
474,2015/1/22,12.61,12.82,12.63,12.39,2491393.25,-0.06,-0.47,12.238,12.006,12.006,3036887.3,2508948.86,2508948.86,0.15,1.5
473,2015/1/23,12.65,13.26,12.82,12.56,3113847.25,0.19,1.5,12.282,12.087,12.087,3004764.55,2569438.7,2569438.7,0.19,2.11
472,2015/1/26,12.68,13.2,13.09,12.54,2327075.5,0.27,2.11,12.612,12.234,12.178,2784095.1,2606543.86,2547405.68,0.14,-3.67
471,2015/1/27,13.07,13.21,12.61,12.41,2524166.75,-0.48,-3.67,12.768,12.331,12.214,2793926.5,2725205.1,2545469.11,0.16,-2.85
470,2015/1/28,12.44,12.55,12.25,12.2,1671605.88,-0.36,-2.85,12.68,12.425,12.217,2425617.73,2731518.16,2478248.86,0.1,-2.2
469,2015/1/29,11.99,12.13,11.98,11.7,1821135.62,-0.27,-2.2,12.55,12.394,12.2,2291566.2,2664226.75,2431312.2,0.11,-2.84
468,2015/1/30,12.04,12.11,11.64,11.61,1413740.5,-0.34,-2.84,12.314,12.298,12.163,1951544.85,2478154.7,2363474.08,0.09,-3.61
467,2015/2/2,11.49,11.57,11.22,11.21,1342743.12,-0.42,-3.61,11.94,12.276,12.104,1754678.37,2269386.74,2299678.4,0.08,4.19
466,2015/2/3,11.42,11.77,11.69,11.22,1688846.5,0.47,4.19,11.756,12.262,12.079,1587614.32,2190770.41,2263747.11,0.1,-2.4
465,2015/2/4,11.79,11.92,11.41,11.39,1615379.12,-0.28,-2.4,11.588,12.134,12.042,1576368.97,2000993.35,2227726.67,0.1,-2.28
464,2015/2/5,11.63,11.64,11.15,11.14,1484385.62,-0.26,-2.28,11.422,11.986,11.995,1509018.97,1900292.59,2188603.45,0.09,-2.33
463,2015/2/6,11.11,11.12,10.89,10.78,1291648.62,-0.26,-2.33,11.272,11.793,11.94,1484600.6,1718072.72,2143755.71,0.08,1.29
462,2015/2/9,10.79,11.17,11.03,10.7,1106604.62,0.14,1.29,11.234,11.587,11.911,1437372.9,1596025.64,2101284.75,0.07,1.81
461,2015/2/10,10.98,11.23,11.23,10.92,872538.81,0.2,1.81,11.142,11.449,11.89,1274111.36,1430862.84,2078033.97,0.05,-0.62
460,2015/2/11,11.25,11.28,11.16,11.11,593227.44,-0.07,-0.62,11.092,11.34,11.883,1069681.02,1323025,2027271.58,0.04,0.18
459,2015/2/12,11.15,11.27,11.18,10.91,785475,0.02,0.18,11.098,11.26,11.827,929898.9,1219458.94,1941842.84,0.05,0
458,2015/2/13,11.19,11.43,11.18,11.11,1171981,0,0,11.156,11.214,11.756,905965.37,1195282.99,1836718.84,0.07,-0.98
457,2015/2/16,11.19,11.19,11.07,10.98,1027523.62,-0.11,-0.98,11.164,11.199,11.738,890149.17,1163761.04,1716573.89,0.06,0.09
456,2015/2/17,11.09,11.17,11.08,11.05,729689.25,0.01,0.09,11.134,11.138,11.7,861579.26,1067845.31,1629307.86,0.05,1.35
455,2015/2/25,11.3,11.56,11.23,11.15,1997452.38,0.15,1.35,11.148,11.12,11.627,1142424.25,1106052.64,1553522.99,0.12,0.98
454,2015/2/26,11.16,11.35,11.34,10.9,1652776,0.11,0.98,11.18,11.139,11.563,1315884.45,1122891.67,1511592.13,0.1,0.7
453,2015/2/27,11.29,11.6,11.42,11.19,1961048.25,0.08,0.7,11.228,11.192,11.493,1473697.9,1189831.64,1453952.18,0.12,-0.88
452,2015/3/2,11.44,11.46,11.32,11.23,1467345.5,-0.1,-0.88,11.278,11.221,11.404,1561662.28,1225905.73,1410965.68,0.09,-3.44
451,2015/3/3,11.25,11.26,10.93,10.91,1929652.75,-0.39,-3.44,11.248,11.191,11.32,1801654.98,1331617.12,1381239.98,0.12,-0.09
450,2015/3/4,10.92,11.1,10.92,10.76,1131585.38,-0.01,-0.09,11.186,11.167,11.254,1628481.58,1385452.91,1354238.96,0.07,-1.92
449,2015/3/5,10.82,10.87,10.71,10.67,1092987.5,-0.21,-1.92,11.06,11.12,11.19,1516523.88,1416204.16,1317831.55,0.07,0.56
448,2015/3/6,10.66,10.85,10.77,10.66,688373.44,0.06,0.56,10.93,11.079,11.147,1261988.91,1367843.41,1281563.2,0.04,1.11
447,2015/3/9,10.7,10.94,10.89,10.52,1196905.5,0.12,1.11,10.844,11.061,11.13,1207900.91,1384781.6,1274271.32,0.07,-1.1
446,2015/3/10,10.82,10.84,10.77,10.71,725119.31,-0.12,-1.1,10.812,11.03,11.084,966994.23,1384324.6,1226084.96,0.04,-0.19
445,2015/3/11,10.77,10.88,10.75,10.71,780455.12,-0.02,-0.19,10.778,10.982,11.051,896768.17,1262624.88,1184338.76,0.05,2.6
444,2015/3/12,10.8,11.14,11.03,10.71,1690437.38,0.28,2.6,10.842,10.951,11.045,1016258.15,1266391.01,1194641.34,0.1,0.27
443,2015/3/13,11.08,11.19,11.06,11,1125342.38,0.03,0.27,10.9,10.915,11.054,1103651.94,1182820.43,1186326.03,0.07,1.27
442,2015/3/16,11.08,11.21,11.2,11.03,1495044,0.14,1.27,10.962,10.903,11.062,1163279.64,1185590.28,1205748,0.09,2.5
441,2015/3/17,11.16,11.49,11.48,11.13,2594561,0.28,2.5,11.104,10.958,11.075,1537167.98,1252081.1,1291849.11,0.16,1.48
440,2015/3/18,11.48,11.7,11.65,11.33,2562080.25,0.17,1.48,11.284,11.031,11.099,1893493,1395130.59,1390291.75,0.16,-0.09
439,2015/3/19,11.6,11.87,11.64,11.53,2225086,-0.01,-0.09,11.406,11.124,11.122,2000422.73,1508340.44,1462272.3,0.14,0.34
438,2015/3/20,11.6,11.85,11.68,11.45,2362363.5,0.04,0.34,11.53,11.215,11.147,2247826.95,1675739.44,1521791.43,0.15,1.03
437,2015/3/23,11.65,11.86,11.8,11.62,2380493.5,0.12,1.03,11.65,11.306,11.184,2424916.85,1794098.24,1589439.92,0.15,-1.78
436,2015/3/24,11.75,11.84,11.59,11.45,2102545,-0.21,-1.78,11.672,11.388,11.209,2326513.65,1931840.81,1658082.71,0.13,-2.24
435,2015/3/25,11.51,11.55,11.33,11.31,1639005.62,-0.26,-2.24,11.608,11.446,11.214,2141898.72,2017695.86,1640160.37,0.1,5.83
434,2015/3/26,11.3,12,11.99,11.25,3886914.75,0.66,5.83,11.678,11.542,11.247,2474264.47,2237343.6,1751867.31,0.24,-2.42
433,2015/3/27,12.06,12.1,11.7,11.65,2411691.75,-0.29,-2.42,11.682,11.606,11.261,2484130.12,2365978.54,1774399.48,0.15,1.54
432,2015/3/30,11.66,11.92,11.88,11.61,2399742,0.18,1.54,11.698,11.674,11.289,2487979.82,2456448.34,1821019.31,0.15,-1.26
431,2015/3/31,11.91,12.17,11.73,11.69,2764632,-0.15,-1.26,11.726,11.699,11.329,2620397.22,2473455.44,1862768.27,0.17,1.11
430,2015/4/1,11.71,11.89,11.86,11.63,1756797.25,0.13,1.11,11.832,11.72,11.376,2643955.55,2392927.14,1894028.86,0.11,0.42
429,2015/4/2,11.98,12.09,11.91,11.76,2215558.25,0.05,0.42,11.816,11.747,11.436,2309684.25,2391974.36,1950157.4,0.14,-0.59
428,2015/4/3,11.8,11.89,11.84,11.71,1746139.25,-0.07,-0.59,11.844,11.763,11.489,2176573.75,2330351.94,2003045.69,0.11,3.63
427,2015/4/7,11.92,12.28,12.27,11.86,3589643,0.43,3.63,11.922,11.81,11.558,2414553.95,2451266.89,2122682.57,0.22,1.96
426,2015/4/8,12.27,12.69,12.51,11.95,4747081.5,0.24,1.96,12.078,11.902,11.645,2811043.85,2715720.54,2323780.68,0.29,-0.96
425,2015/4/9,12.35,12.71,12.39,12.21,3230540.25,-0.12,-0.96,12.184,12.008,11.727,3105792.45,2874874,2446284.93,0.2,0.56
424,2015/4/10,12.35,12.5,12.46,12.23,2481620.5,0.07,0.56,12.294,12.055,11.799,3159004.9,2734344.58,2485844.09,0.15,1.85
423,2015/4/13,12.48,12.74,12.69,12.43,2736357.75,0.23,1.85,12.464,12.154,11.88,3357048.6,2766811.18,2566394.86,0.17,-1.42
422,2015/4/14,12.61,12.67,12.51,12.4,2327948,-0.18,-1.42,12.512,12.217,11.946,3104709.6,2759631.78,2608040.06,0.14,-0.32
421,2015/4/15,12.51,12.74,12.47,12.26,2936772,-0.04,-0.32,12.504,12.291,11.995,2742647.7,2776845.78,2625150.61,0.18,4.33
420,2015/4/16,12.53,13.25,13.01,12.41,4555759.5,0.54,4.33,12.628,12.406,12.063,3007691.55,3056742,2724834.57,0.28,2.84
419,2015/4/17,13.18,13.63,13.38,12.95,5606649.5,0.37,2.84,12.812,12.553,12.15,3632697.35,3395851.13,2893912.74,0.35,-4.33
418,2015/4/20,13.2,13.45,12.8,12.78,4306028.5,-0.58,-4.33,12.834,12.649,12.206,3946631.5,3651840.05,2991095.99,0.27,1.48
417,2015/4/21,12.83,13,12.99,12.71,2402135.75,0.19,1.48,12.93,12.721,12.266,3961469.05,3533089.33,2992178.11,0.15,1.77
416,2015/4/22,12.96,13.26,13.22,12.9,3177062.75,0.23,1.77,13.08,12.792,12.347,4009527.2,3376087.45,3045903.99,0.2,0.91
415,2015/4/23,13.2,13.63,13.34,13.08,4151487.5,0.12,0.91,13.146,12.887,12.448,3928672.8,3468182.18,3171528.09,0.26,-0.15
414,2015/4/24,13.16,13.9,13.32,13.1,5132499.5,-0.02,-0.15,13.134,12.973,12.514,3833842.8,3733270.08,3233807.33,0.32,9.98
413,2015/4/27,13.6,14.65,14.65,13.42,6299745,1.33,9.98,13.504,13.169,12.662,4232586.1,4089608.8,3428209.99,0.39,-2.18
412,2015/4/28,14.46,15.36,14.33,14.05,8501683,-0.32,-2.18,13.772,13.351,12.784,5452495.55,4706982.3,3733307.04,0.53,-4.33
411,2015/4/29,14.1,14.1,13.71,13.5,3704611.5,-0.62,-4.33,13.87,13.475,12.883,5558005.3,4783766.25,3780306.01,0.23,-2.33
410,2015/4/30,13.71,13.84,13.39,13.36,2551611.5,-0.32,-2.33,13.88,13.513,12.96,5238030.1,4583351.45,3820046.73,0.16,0.82
409,2015/5/4,13.37,13.6,13.5,13.12,2206108,0.11,0.82,13.916,13.525,13.039,4652751.8,4243297.3,3819574.21,0.14,-3.63
408,2015/5/5,13.52,13.98,13.01,12.99,3385530.75,-0.49,-3.63,13.588,13.546,13.098,4069908.95,4151247.53,3901543.79,0.21,-3.08
407,2015/5/6,13,13.21,12.61,12.5,2476204.5,-0.4,-3.08,13.244,13.508,13.115,2864813.25,4158654.4,3845871.86,0.15,-3.49
406,2015/5/7,12.6,12.6,12.17,12.1,1907764.88,-0.44,-3.49,12.936,13.403,13.098,2505443.93,4031724.61,3703906.03,0.12,1.97
405,2015/5/8,12.3,12.44,12.41,12.11,1722119.88,0.24,1.97,12.74,13.31,13.099,2339545.6,3788787.85,3628485.01,0.11,2.02
404,2015/5/11,12.45,12.67,12.66,12.3,2058433.88,0.25,2.02,12.572,13.244,13.109,2310010.78,3481381.29,3607325.68,0.13,0.24
403,2015/5/12,12.7,12.78,12.69,12.51,1937295.25,0.03,0.24,12.508,13.048,13.109,2020363.68,3045136.31,3567372.56,0.12,-2.05
402,2015/5/13,12.69,12.69,12.43,12.3,1857253.75,-0.26,-2.05,12.472,12.858,13.105,1896573.53,2380693.39,3543837.84,0.11,0.32
401,2015/5/14,12.36,12.69,12.47,12.21,2075884.38,0.04,0.32,12.532,12.734,13.105,1930197.43,2217820.68,3500793.46,0.13,-2.89
400,2015/5/15,12.41,12.44,12.11,12.08,1594221.88,-0.36,-2.89,12.472,12.606,13.06,1904617.83,2122081.72,3352716.58,0.1,-2.64
399,2015/5/18,11.99,12.04,11.79,11.75,1397563.5,-0.32,-2.64,12.298,12.435,12.98,1772443.75,2041227.27,3142262.28,0.09,3.39
398,2015/5/19,11.77,12.19,12.19,11.75,1509256,0.4,3.39,12.198,12.353,12.95,1686835.9,1853599.79,3002423.66,0.09,-0.16
397,2015/5/20,12.18,12.43,12.17,12.11,1764447.5,-0.02,-0.16,12.146,12.309,12.909,1668274.65,1782424.09,2970539.25,0.11,0.41
396,2015/5/21,12.17,12.24,12.22,12.07,1325534.75,0.05,0.41,12.096,12.314,12.859,1518204.73,1724201.08,2877962.85,0.08,3.44
395,2015/5/22,12.28,12.73,12.64,12.27,2525576.75,0.42,3.44,12.202,12.337,12.824,1704475.7,1804546.76,2796667.31,0.16,2.69
394,2015/5/25,12.61,12.99,12.98,12.55,2469290,0.34,2.69,12.44,12.369,12.807,1918821,1845632.38,2663506.83,0.15,0.54
393,2015/5/26,13.07,13.1,13.05,12.75,2648930,0.07,0.54,12.612,12.405,12.727,2146755.8,1916795.85,2480966.08,0.16,2.3
392,2015/5/27,13.19,13.59,13.35,13.19,3254067,0.3,2.3,12.848,12.497,12.678,2444679.7,2056477.18,2218585.28,0.2,-8.61
391,2015/5/28,13.23,13.24,12.2,12.1,3471626,-1.15,-8.61,12.844,12.47,12.602,2873897.95,2196051.34,2206936.01,0.21,-2.29
390,2015/5/29,12.17,12.28,11.92,11.7,2345159.25,-0.28,-2.29,12.7,12.451,12.529,2837814.45,2271145.08,2196613.4,0.14,4.03
389,2015/6/1,11.92,12.44,12.4,11.84,2061882.75,0.48,4.03,12.584,12.512,12.474,2756333,2337577,2189402.13,0.13,-0.24
388,2015/6/2,12.35,12.4,12.37,12.15,1862213.12,-0.03,-0.24,12.448,12.53,12.442,2598989.62,2372872.71,2113236.25,0.12,-0.16
387,2015/6/3,12.37,12.56,12.35,12.21,1688606.38,-0.02,-0.16,12.248,12.548,12.429,2285897.5,2365288.6,2073856.35,0.1,2.1
386,2015/6/4,12.34,12.63,12.61,11.81,2595341.5,0.26,2.1,12.33,12.587,12.451,2110640.6,2492269.28,2108235.18,0.16,1.67
385,2015/6/5,12.66,12.9,12.82,12.51,3270341.25,0.21,1.67,12.51,12.605,12.471,2295677,2566745.73,2185646.24,0.2,3.98
384,2015/6/8,12.77,13.45,13.33,12.71,4281630,0.51,3.98,12.696,12.64,12.505,2739626.45,2747979.73,2296806.05,0.26,-1.12
383,2015/6/9,13.21,13.29,13.18,12.93,3279583.75,-0.15,-1.12,12.858,12.653,12.529,3023100.58,2811045.1,2363920.48,0.2,-1.52
382,2015/6/10,13.08,13.1,12.98,12.9,2169965.25,-0.2,-1.52,12.984,12.616,12.557,3119372.35,2702634.93,2379556.05,0.13,-0.54
381,2015/6/11,12.96,12.98,12.91,12.71,1823658,-0.07,-0.54,13.044,12.687,12.579,2965035.65,2537838.13,2366944.73,0.11,0.39
380,2015/6/12,13,13.08,12.96,12.88,2136471.75,0.05,0.39,13.072,12.791,12.621,2738261.75,2516969.38,2394057.23,0.13,-2.78
379,2015/6/15,12.98,13.06,12.6,12.58,2238670.5,-0.36,-2.78,12.926,12.811,12.662,2329669.85,2534648.15,2436112.58,0.14,-3.97
378,2015/6/16,12.4,12.5,12.1,12.03,1922690.38,-0.5,-3.97,12.71,12.784,12.657,2058291.18,2540695.88,2456784.29,0.12,1.49
377,2015/6/17,12.15,12.33,12.27,11.94,1738340.88,0.18,1.49,12.568,12.776,12.662,1971966.3,2545669.33,2455478.96,0.11,-3.83
376,2015/6/18,12.18,12.3,11.81,11.76,1635388.25,-0.47,-3.83,12.348,12.696,12.642,1934312.35,2449674,2470971.64,0.1,-5.51
375,2015/6/19,11.71,11.95,11.15,11.1,1979475.12,-0.65,-5.51,11.986,12.529,12.567,1902913.03,2320587.39,2443666.56,0.12,2.95
374,2015/6/23,11.2,11.57,11.5,10.9,1649630.25,0.33,2.95,11.766,12.346,12.493,1785104.98,2057387.41,2402683.57,0.1,2.79
373,2015/6/24,11.55,11.87,11.81,11.45,1931415.5,0.32,2.79,11.708,12.209,12.431,1786850,1922570.59,2366807.84,0.12,-4.15
372,2015/6/25,11.78,11.83,11.33,11.26,1644632,-0.49,-4.15,11.52,12.044,12.33,1768108.22,1870037.26,2286336.09,0.1,-6.8
371,2015/6/26,11.15,11.37,10.55,10.27,2459426,-0.77,-6.8,11.268,11.808,12.248,1932915.77,1933614.06,2235726.09,0.15,3.99
370,2015/6/29,10.75,11,10.95,9.81,2765634.5,0.42,3.99,11.228,11.607,12.199,2090147.65,1996530.34,2256749.86,0.17,3.56
369,2015/6/30,10.77,11.35,11.34,10.42,2513463.75,0.39,3.56,11.196,11.481,12.146,2262914.35,2024009.66,2279328.91,0.16,-5.21
368,2015/7/1,11.13,11.25,10.74,10.72,1841774.75,-0.59,-5.21,10.982,11.345,12.065,2244986.2,2015918.1,2278306.99,0.11,8.75
367,2015/7/2,10.8,11.8,11.68,10.2,4522762.5,0.94,8.75,11.052,11.286,12.031,2820612.3,2294360.26,2420014.79,0.28,0.51
366,2015/7/3,11.31,12.16,11.74,11.22,4623618.5,0.06,0.51,11.29,11.279,11.988,3253450.8,2593183.29,2521428.64,0.29,9.97
365,2015/7/6,12.3,13.01,13.01,11.95,7696676.5,1.18,9.97,11.702,11.465,11.997,4239659.2,3164903.43,2742745.41,0.48,4.38
364,2015/7/7,13,14.25,13.58,12.54,7317804.5,0.57,4.38,12.15,11.673,12.01,5200527.35,3731720.85,2894554.13,0.45,-8.55
363,2015/7/8,12.4,13.4,12.4,12.2,8735620,-1.16,-8.55,12.482,11.732,11.971,6579296.4,4412141.3,3167355.94,0.54,5.23
362,2015/7/9,11.48,13.17,12.87,11.02,4370654.5,0.64,5.23,12.72,11.886,11.965,6548874.8,4684743.55,3277390.41,0.27,1.79
361,2015/7/10,12.39,13.79,13.1,12.1,4924996,0.23,1.79,12.992,12.141,11.975,6609150.3,4931300.55,3432457.31,0.3,-4.2
360,2015/7/13,12.68,12.96,12.54,12.31,3319699.25,-0.55,-4.2,12.898,12.3,11.954,5733754.85,4986707.03,3491618.68,0.21,-1.92
359,2015/7/14,12.23,12.53,12.29,11.82,2706241.25,-0.24,-1.92,12.64,12.395,11.938,4811442.2,5005984.78,3514997.22,0.17,10.01
358,2015/7/15,12.1,13.52,13.52,12.01,5499399,1.23,10.01,12.864,12.673,12.009,4164198,5371747.2,3693832.65,0.34,-0.81
357,2015/7/16,13.52,14.1,13.41,12.68,5814169,-0.11,-0.81,12.972,12.846,12.066,4452900.9,5500887.85,3897624.06,0.36,-1.72
356,2015/7/17,13.05,13.4,13.17,12.9,3805058,-0.23,-1.72,12.986,12.989,12.134,4228913.3,5419031.8,4006107.54,0.23,4.25
355,2015/7/20,12.9,14.05,13.73,12.8,5593755,0.56,4.25,13.224,13.061,12.263,4683724.45,5208739.65,4186821.54,0.35,-1.82
354,2015/7/21,13.47,13.86,13.48,13.21,3774575.75,-0.25,-1.82,13.462,13.051,12.362,4897391.35,4854416.78,4293068.81,0.23,1.04
353,2015/7/22,13.25,14,13.62,13.22,4427698.5,0.14,1.04,13.482,13.173,12.453,4683051.25,4423624.63,4417882.96,0.27,0.22
352,2015/7/23,13.46,13.75,13.66,13.32,3584231.25,0.03,0.22,13.532,13.252,12.569,4237063.7,4344982.3,4514862.93,0.22,0
351,2015/7/24,13.54,14.11,13.66,13.53,4739562.5,0,0,13.63,13.308,12.725,4423964.6,4326438.95,4628869.75,0.29,-9.58
350,2015/7/27,13.43,13.65,12.37,12.31,4224818,-1.31,-9.58,13.358,13.291,12.796,4150177.2,4416950.83,4701828.93,0.26,-4.04
349,2015/7/28,11.83,12.86,11.87,11.52,4008221.25,-0.5,-4.04,13.036,13.249,12.822,4196906.3,4547148.83,4776566.8,0.25,-1.69
348,2015/7/29,11.65,11.87,11.65,11.31,2937942.25,-0.2,-1.69,12.642,13.062,12.868,3898955.05,4291003.15,4831375.18,0.18,0.69
347,2015/7/30,11.6,11.85,11.73,11.38,2740020.25,0.08,0.69,12.256,12.894,12.87,3730112.85,3983588.28,4742238.06,0.17,-5.29
346,2015/7/31,11.5,11.6,11.09,10.94,2269079.75,-0.62,-5.29,11.742,12.686,12.838,3236016.3,3829990.45,4624511.13,0.14,-4.6
345,2015/8/3,10.88,10.95,10.58,10.53,1830549.62,-0.51,-4.6,11.384,12.371,12.716,2757162.62,3453669.91,4331204.78,0.11,2.37
344,2015/8/4,10.59,10.89,10.82,10.5,1589531,0.25,2.37,11.174,12.105,12.578,2273424.57,3235165.44,4044791.11,0.1,-1.66
343,2015/8/5,10.8,10.89,10.64,10.61,1257025.25,-0.18,-1.66,10.972,11.807,12.49,1937241.17,2918098.11,3670861.37,0.08,-1.41
342,2015/8/6,10.49,10.65,10.48,10.43,912176.5,-0.15,-1.41,10.722,11.489,12.371,1571672.42,2650892.64,3497937.47,0.06,1.91
341,2015/8/7,10.57,10.76,10.68,10.51,1014913.12,0.2,1.91,10.64,11.191,12.25,1320839.1,2278427.7,3302433.32,0.06,3.75
340,2015/8/10,10.69,11.13,11.07,10.65,1922921.12,0.4,3.75,10.738,11.061,12.176,1339313.4,2048238.01,3232594.42,0.12,0.81
339,2015/8/11,11.06,11.3,11.16,10.89,1818768.12,0.09,0.81,10.806,10.99,12.12,1385160.82,1829292.7,3188220.76,0.11,-1.34
338,2015/8/12,10.99,11.1,11,10.95,1036509.81,-0.15,-1.34,10.878,10.925,11.994,1341057.73,1639149.45,2965076.3,0.06,0.18
337,2015/8/13,10.99,11.06,11.01,10.8,1004270.94,0.02,0.18,10.984,10.853,11.874,1359476.62,1465574.52,2724581.4,0.06,-0.27
336,2015/8/14,11,11.16,10.98,10.9,1175289.62,-0.03,-0.27,11.044,10.842,11.764,1391551.92,1356195.51,2593092.98,0.07,-1.55
335,2015/8/17,10.91,10.95,10.81,10.76,938959.5,-0.17,-1.55,10.992,10.865,11.618,1194759.6,1267036.5,2360353.21,0.06,2.96
334,2015/8/18,10.82,11.4,11.13,10.8,3166327,0.32,2.96,10.986,10.896,11.501,1464271.37,1424716.1,2329940.77,0.2,-3.06
333,2015/8/19,10.88,11.06,10.79,10.5,2261354.25,-0.34,-3.06,10.944,10.911,11.359,1709240.26,1525149,2221623.56,0.14,-4.36
332,2015/8/20,10.59,10.6,10.32,10.31,1415810.5,-0.47,-4.36,10.806,10.895,11.192,1791548.17,1575512.4,2113202.52,0.09,-3.1
331,2015/8/21,10.15,10.51,10,9.96,1284013,-0.32,-3.1,10.61,10.827,11.009,1813292.85,1602422.39,1940425.04,0.08,-4.9
330,2015/8/24,9.8,10.49,9.51,9,2496135.75,-0.49,-4.9,10.35,10.671,10.866,2124728.1,1659743.85,1853990.93,0.15,-9.99
329,2015/8/25,9.08,9.62,8.56,8.56,2142388.75,-0.95,-9.99,9.836,10.411,10.701,1919940.45,1692105.91,1760699.31,0.13,0
328,2015/8/26,8.6,8.79,8.56,8.03,1887084.62,0,0,9.39,10.167,10.546,1845086.52,1777163.39,1708156.42,0.12,2.33
327,2015/8/27,8.56,8.8,8.78,8.4,1442693,0.2,2.33,9.082,9.944,10.399,1850463.02,1821005.6,1643290.06,0.09,4.1
326,2015/8/28,8.95,9.17,9.14,8.85,1656679.88,0.36,4.1,8.91,9.76,10.301,1924996.4,1869144.63,1612670.07,0.1,-2.3
325,2015/8/31,9,9.03,8.93,8.71,1090782,-0.21,-2.3,8.794,9.572,10.219,1643925.65,1884326.88,1575681.69,0.07,3.02
324,2015/9/1,9.04,9.36,9.21,9,1930133.75,0.27,3.02,8.924,9.38,10.138,1601474.65,1760707.55,1592711.82,0.12,-5.21
323,2015/9/2,8.8,8.98,8.73,8.66,1528994,-0.48,-5.21,8.958,9.174,10.043,1529856.53,1687471.53,1606310.26,0.09,-1.37
322,2015/9/7,8.75,8.92,8.63,8.59,975201.62,-0.12,-1.37,8.928,9.005,9.95,1436358.25,1643410.64,1609461.52,0.06,0.81
321,2015/9/8,8.59,8.77,8.7,8.4,859618.25,0.07,0.81,8.84,8.875,9.851,1276945.92,1600971.16,1601696.77,0.05,3.45
320,2015/9/9,8.73,9.1,9,8.67,1488080.62,0.3,3.45,8.854,8.824,9.748,1356405.65,1500165.65,1579954.75,0.09,-2
319,2015/9/10,8.85,8.98,8.83,8.81,965541.25,-0.18,-2,8.778,8.851,9.631,1163487.15,1382480.9,1537293.41,0.06,-0.34
318,2015/9/11,8.88,8.91,8.81,8.78,528546.06,-0.03,-0.34,8.794,8.876,9.522,963397.56,1246627.04,1511895.22,0.03,-3.52
317,2015/9/14,8.87,8.89,8.5,8.45,792155.62,-0.31,-3.52,8.768,8.848,9.396,926788.36,1181573.31,1501289.45,0.05,-0.23
316,2015/9/15,8.41,8.72,8.48,8.35,883610,-0.02,-0.23,8.724,8.782,9.271,931586.71,1104266.32,1486705.47,0.05,3.3
315,2015/9/16,8.46,8.91,8.76,8.3,1051038.88,0.28,3.3,8.676,8.765,9.169,844178.36,1100292.01,1492309.44,0.06,-2.06
314,2015/9/17,8.66,8.85,8.58,8.56,900312.75,-0.18,-2.06,8.626,8.702,9.041,831132.66,997309.91,1379008.73,0.06,-0.82
313,2015/9/18,8.55,8.58,8.44,8.4,493510.72,-0.07,-0.82,8.552,8.673,8.924,824125.59,893761.58,1290616.55,0.03,0.59
312,2015/9/21,8.38,8.49,8.47,8.29,503981.41,0.05,0.59,8.546,8.657,8.831,766490.75,846639.56,1245025.1,0.03,0.94
311,2015/9/22,8.51,8.63,8.55,8.48,663490.88,0.08,0.94,8.56,8.642,8.759,722466.93,827026.82,1213998.99,0.04,-2.1
310,2015/9/23,8.46,8.5,8.37,8.35,520700.81,-0.18,-2.1,8.482,8.579,8.702,616399.31,730288.84,1115227.24,0.03,0.6
309,2015/9/24,8.37,8.42,8.41,8.34,393361.16,0.05,0.6,8.448,8.537,8.694,515009,673070.83,1027775.86,0.02,1.91
308,2015/9/25,8.38,8.58,8.56,8.35,942446.81,0.16,1.91,8.472,8.512,8.694,604796.21,714460.9,980543.97,0.06,-1.17
307,2015/9/28,8.49,8.51,8.43,8.34,490294.38,-0.1,-1.17,8.464,8.505,8.677,602058.81,684274.78,932924.04,0.03,-2.02
306,2015/9/29,8.33,8.37,8.26,8.22,476414.34,-0.17,-2.02,8.406,8.483,8.633,564643.5,643555.21,873910.77,0.03,-0.36
305,2015/9/30,8.27,8.31,8.23,8.22,282069.03,-0.03,-0.36,8.378,8.43,8.598,516917.14,566658.23,833475.12,0.02,2.55
304,2015/10/8,8.56,8.6,8.44,8.42,645442.38,0.21,2.55,8.384,8.416,8.559,567333.39,541171.19,769240.55,0.04,0.95
303,2015/10/9,8.46,8.55,8.52,8.4,592801.88,0.08,0.95,8.376,8.424,8.549,497404.4,551100.31,722430.94,0.04,2.82
302,2015/10/12,8.54,8.78,8.76,8.5,1004244.88,0.24,2.82,8.442,8.453,8.555,600194.5,601126.65,723883.11,0.06,-1.14
301,2015/10/13,8.66,8.7,8.67,8.62,626004.69,-0.1,-1.14,8.524,8.465,8.554,630112.57,597378.04,712202.43,0.04,0.69
300,2015/10/14,8.64,8.79,8.74,8.62,868232.56,0.06,0.69,8.626,8.502,8.541,747345.28,632131.21,681210.02,0.05,0.92
299,2015/10/15,8.69,8.83,8.81,8.66,931738.94,0.08,0.92,8.7,8.542,8.54,804604.59,685968.99,679519.91,0.06,1.47
298,2015/10/16,8.85,9.03,8.95,8.82,1328517,0.13,1.47,8.786,8.581,8.547,951747.61,724576.01,719518.46,0.08,-0.56
297,2015/10/19,8.96,9.08,8.9,8.85,1078087.5,-0.05,-0.56,8.814,8.628,8.567,966516.14,783355.32,733815.05,0.07,0.79
296,2015/10/20,8.85,8.99,8.97,8.76,912362.62,0.07,0.79,8.874,8.699,8.591,1023787.72,826950.15,735252.68,0.06,-1
295,2015/10/21,9,9.09,8.88,8.62,1851261.88,-0.09,-1,8.902,8.764,8.597,1220393.59,983869.43,775263.83,0.11,-1.12
294,2015/10/22,8.72,8.84,8.82,8.72,848057,-0.1,-1.12,8.904,8.802,8.609,1203657.2,1004130.9,772651.04,0.05,0.23
293,2015/10/23,8.8,8.85,8.84,8.76,755216.62,0.02,0.23,8.882,8.834,8.629,1088997.12,1020372.37,785736.34,0.05,0.68
292,2015/10/26,8.87,9.01,8.89,8.83,961191.81,0.06,0.68,8.88,8.847,8.65,1065617.99,1016067.06,808596.86,0.06,-0.9
291,2015/10/27,8.84,8.85,8.81,8.68,649983.5,-0.08,-0.9,8.848,8.861,8.663,1013142.16,1018464.94,807921.49,0.04,-0.34
290,2015/10/28,8.77,8.93,8.78,8.75,834416.88,-0.03,-0.34,8.828,8.865,8.684,809773.16,1015083.37,823607.29,0.05,0.23
289,2015/10/29,8.81,8.88,8.81,8.78,553658.12,0.02,0.23,8.826,8.865,8.704,750893.39,977275.29,831622.14,0.03,-0.68
288,2015/10/30,8.77,8.92,8.76,8.66,699014.12,-0.06,-0.68,8.81,8.846,8.714,739652.89,914325.01,819450.51,0.04,-2.4
287,2015/11/2,8.66,8.73,8.54,8.52,720509.75,-0.21,-2.4,8.74,8.81,8.719,691516.47,878567.23,830961.28,0.04,-0.59
286,2015/11/3,8.53,8.56,8.48,8.43,379823.06,-0.05,-0.59,8.674,8.761,8.73,637484.39,825313.27,826131.71,0.02,3.19
285,2015/11/4,8.48,8.75,8.74,8.48,827734.5,0.27,3.19,8.666,8.747,8.756,636147.91,722960.54,853414.98,0.05,2.75
284,2015/11/5,8.7,9.21,8.98,8.66,1996717.88,0.24,2.75,8.7,8.763,8.783,924759.86,837826.62,920978.76,0.12,1.34
283,2015/11/6,8.94,9.16,9.1,8.85,1429507.62,0.12,1.34,8.768,8.789,8.812,1070858.56,905255.72,962814.05,0.09,1.54
282,2015/11/9,9.06,9.46,9.24,9.06,1572760.75,0.14,1.54,8.908,8.824,8.836,1241308.76,966412.62,991239.84,0.1,0.22
281,2015/11/10,9.18,9.34,9.26,9.08,1251690.88,0.02,0.22,9.064,8.869,8.865,1415682.33,1026583.36,1022524.15,0.08,-0.54
280,2015/11/11,9.22,9.33,9.21,9.13,864889.31,-0.05,-0.54,9.158,8.912,8.889,1423113.29,1029630.6,1022356.99,0.05,-1.09
279,2015/11/12,9.21,9.21,9.1,9.04,709458,-0.1,-1.09,9.182,8.941,8.903,1165661.31,1045210.59,1011242.94,0.04,-1.87
278,2015/11/13,9.04,9.1,8.94,8.93,652138.94,-0.17,-1.87,9.15,8.959,8.903,1010187.58,1040523.07,977424.04,0.04,0.45
277,2015/11/16,8.85,8.99,8.98,8.82,529824,0.04,0.45,9.098,9.003,8.907,801600.23,1021454.49,950010.86,0.03,0.67
276,2015/11/17,9,9.14,9.04,8.96,841357.88,0.06,0.67,9.054,9.059,8.91,719533.63,1067607.98,946460.62,0.05,0.11
275,2015/11/18,9.03,9.17,9.05,8.92,888252.19,0.01,0.11,9.022,9.09,8.919,724206.2,1073659.74,898310.14,0.05,-0.11
274,2015/11/19,9.03,9.05,9.04,8.94,771190.94,-0.01,-0.11,9.01,9.096,8.93,736552.79,951107.05,894466.84,0.05,-0.66
273,2015/11/20,9.02,9.03,8.98,8.95,500869.88,-0.06,-0.66,9.018,9.084,8.937,706298.98,858243.28,881749.5,0.03,-0.78
272,2015/11/23,8.97,9.03,8.92,8.91,599790,-0.07,-0.78,9.006,9.052,8.938,720292.18,760946.2,863679.41,0.04,-0.11
271,2015/11/24,8.91,8.92,8.91,8.82,462925.53,-0.01,-0.11,8.98,9.017,8.943,644605.71,682069.67,854326.51,0.03,0.67
270,2015/11/25,8.96,9,8.97,8.91,601614.06,0.06,0.67,8.964,8.993,8.953,587278.08,655742.14,842686.37,0.04,-0.11
269,2015/11/26,9,9.02,8.97,8.95,598629,-0.01,-0.11,8.95,8.98,8.961,552765.69,644659.24,844934.91,0.04,-5.69
268,2015/11/27,8.92,8.94,8.46,8.45,960054.31,-0.51,-5.69,8.846,8.932,8.946,644602.58,675450.78,857986.92,0.06,-0.59
267,2015/11/30,8.45,8.51,8.41,8.3,609637.5,-0.05,-0.59,8.744,8.875,8.939,646572.08,683432.13,852443.31,0.04,0.24
266,2015/12/1,8.4,8.45,8.42,8.35,406605.16,0.02,0.24,8.646,8.813,8.936,635308.01,639956.86,853782.42,0.03,2.73
265,2015/12/2,8.4,8.67,8.64,8.33,757112.81,0.23,2.73,8.58,8.772,8.931,666407.76,626842.92,850251.33,0.05,2.08
264,2015/12/3,8.58,8.95,8.82,8.52,860516,0.18,2.08,8.55,8.75,8.923,718785.16,635775.43,793441.24,0.05,-2.72
263,2015/12/4,8.75,8.77,8.58,8.51,733440.75,-0.24,-2.72,8.574,8.71,8.897,673462.44,659032.51,758637.89,0.05,-0.35
262,2015/12/7,8.54,8.6,8.55,8.51,324940.91,-0.03,-0.35,8.602,8.673,8.863,616523.13,631547.6,696246.9,0.02,-1.87
261,2015/12/8,8.45,8.47,8.39,8.36,499535.34,-0.16,-1.87,8.596,8.621,8.819,635109.16,635208.58,658639.13,0.03,-0.36
260,2015/12/9,8.38,8.44,8.35,8.32,407976.53,-0.03,-0.36,8.538,8.559,8.776,565281.91,615844.83,635793.49,0.03,-0.36
259,2015/12/10,8.36,8.39,8.32,8.3,345995.12,-0.03,-0.36,8.438,8.494,8.737,462377.73,590581.44,617620.34,0.02,-0.24
258,2015/12/11,8.32,8.34,8.31,8.25,338832.66,-0.02,-0.24,8.384,8.479,8.706,383456.11,528459.28,601955.03,0.02,1.57
257,2015/12/14,8.26,8.44,8.43,8.23,463320.5,0.13,1.57,8.36,8.481,8.678,411132.03,513827.58,598629.85,0.03,-0.71
256,2015/12/15,8.41,8.43,8.37,8.35,311281.69,-0.06,-0.71,8.356,8.476,8.645,373481.3,504295.23,572126.04,0.02,1.07
255,2015/12/16,8.44,8.57,8.46,8.44,693013.88,0.09,1.07,8.378,8.458,8.615,430488.77,497885.34,562364.13,0.04,0.35
254,2015/12/17,8.43,8.52,8.49,8.42,750805.69,0.03,0.35,8.412,8.425,8.588,511450.88,486914.31,561344.87,0.05,0
253,2015/12/18,8.47,8.56,8.48,8.44,585963,0,0,8.446,8.415,8.563,560876.95,472166.53,565599.52,0.04,0.59
252,2015/12/21,8.43,8.55,8.53,8.39,736202.69,0.05,0.59,8.466,8.413,8.543,615453.39,513292.71,572420.16,0.05,0
251,2015/12/22,8.52,8.56,8.53,8.48,509514.31,0,0,8.498,8.427,8.524,655099.91,514290.61,574749.6,0.03,0.23
250,2015/12/23,8.53,8.64,8.54,8.51,859847.62,0.02,0.23,8.514,8.446,8.503,688466.66,559477.72,587661.27,0.05,-0.7
249,2015/12/24,8.57,8.6,8.48,8.44,583273.62,-0.06,-0.7,8.512,8.462,8.478,654960.25,583205.57,586893.5,0.04,0
248,2015/12/25,8.54,8.54,8.48,8.41,320672.81,0,0,8.512,8.479,8.479,601902.21,581389.58,554924.43,0.02,-1.18
247,2015/12/28,8.5,8.54,8.38,8.37,555375.69,-0.1,-1.18,8.482,8.474,8.478,565736.81,590595.1,552211.34,0.03,0.6
246,2015/12/29,8.37,8.43,8.42,8.36,320485,0.05,0.6,8.46,8.479,8.478,527930.95,591515.43,547905.33,0.02,-0.12
245,2015/12/30,8.43,8.45,8.41,8.37,286090.53,-0.01,-0.12,8.434,8.474,8.466,413179.53,550823.1,524354.22,0.02,-0.71
244,2015/12/31,8.39,8.42,8.35,8.33,270954.91,-0.06,-0.71,8.408,8.46,8.443,350715.79,502838.02,494876.16,0.02,-2.75
243,2016/1/4,8.34,8.38,8.12,8.11,477205.09,-0.23,-2.75,8.336,8.424,8.42,382022.24,491962.23,482064.38,0.03,-0.49
242,2016/1/5,8.04,8.21,8.09,7.98,634336,-0.04,-0.49,8.278,8.38,8.397,397814.31,481775.56,497534.13,0.04,2.85
241,2016/1/6,8.09,8.33,8.3,8.05,751008.38,0.23,2.85,8.254,8.357,8.392,483918.98,505924.97,510107.79,0.05,-6.62
240,2016/1/7,8.17,8.2,7.76,7.7,208883,-0.55,-6.62,8.124,8.279,8.363,468477.48,440828.5,500153.11,0.01,1.92
239,2016/1/8,7.96,8.07,7.98,7.74,748523.69,0.15,1.92,8.05,8.229,8.346,563991.23,457353.51,520279.54,0.05,-3.63
238,2016/1/11,7.9,7.97,7.7,7.69,559736,-0.29,-3.63,7.966,8.151,8.315,580497.41,481259.83,531324.7,0.03,0.65
237,2016/1/12,7.66,7.84,7.75,7.6,471675.38,0.05,0.65,7.898,8.088,8.281,547965.29,472889.8,531742.45,0.03,-1.93
236,2016/1/13,7.8,7.81,7.61,7.59,434720.25,-0.15,-1.93,7.76,8.007,8.243,484707.66,484313.32,537914.38,0.03,0.13
235,2016/1/14,7.5,7.65,7.62,7.43,474282.19,0.01,0.13,7.732,7.928,8.201,537787.5,503132.49,526977.79,0.03,-3.8
234,2016/1/15,7.62,7.62,7.34,7.3,523498.72,-0.29,-3.8,7.604,7.827,8.144,492782.51,528386.87,515612.44,0.03,-1.09
233,2016/1/18,7.14,7.34,7.26,7.1,383557,-0.08,-1.09,7.516,7.741,8.083,457546.71,519022.06,505492.14,0.02,2.06
232,2016/1/19,7.27,7.44,7.42,7.26,428778.59,0.15,2.06,7.45,7.674,8.027,448967.35,498466.32,490120.94,0.03,0.54
231,2016/1/20,7.37,7.55,7.46,7.27,468592.31,0.04,0.54,7.42,7.59,7.974,455741.76,470224.71,488074.84,0.03,-2.68
230,2016/1/21,7.34,7.47,7.26,7.22,335344.28,-0.2,-2.68,7.348,7.54,7.91,427954.18,482870.84,461849.67,0.02,0.96
229,2016/1/22,7.32,7.35,7.33,7.18,287104.25,0.07,0.96,7.346,7.475,7.852,380675.29,436728.9,447041.2,0.02,1.5
228,2016/1/25,7.47,7.54,7.44,7.36,350288.5,0.11,1.5,7.382,7.449,7.8,374021.59,415784.15,448521.99,0.02,-4.58
227,2016/1/26,7.33,7.34,7.09,7.04,481121.12,-0.34,-4.58,7.316,7.383,7.736,384490.09,416728.72,444809.26,0.03,2.97
226,2016/1/27,7.15,7.41,7.29,6.99,742456.06,0.21,2.97,7.282,7.351,7.679,439262.84,447502.3,465907.81,0.05,2.33
225,2016/1/28,7.19,7.63,7.45,7.1,1134526.5,0.17,2.33,7.32,7.334,7.631,599099.29,513526.73,508329.61,0.07,0.4
224,2016/1/29,7.4,7.49,7.47,7.34,752912,0.03,0.4,7.348,7.347,7.587,692260.84,536468.06,532427.47,0.05,-2.81
223,2016/2/1,7.4,7.4,7.25,7.19,478187.38,-0.21,-2.81,7.31,7.346,7.544,717840.61,545931.1,532476.58,0.03,0.97
222,2016/2/2,7.24,7.35,7.32,7.17,430305.81,0.07,0.97,7.356,7.336,7.505,707677.55,546083.82,522275.07,0.03,-1.5
221,2016/2/3,7.21,7.26,7.21,7.11,374657.88,-0.11,-1.5,7.34,7.311,7.451,634117.91,536690.38,503457.55,0.02,0.83
220,2016/2/4,7.28,7.35,7.28,7.24,368453.06,0.06,0.83,7.306,7.313,7.427,480903.23,540001.26,511436.05,0.02,-0.41
219,2016/2/5,7.29,7.3,7.23,7.22,269561,-0.03,-0.41,7.258,7.303,7.389,384233.03,538246.93,487487.91,0.02,-0.69
218,2016/2/15,7.13,7.23,7.18,7.09,216040.73,-0.05,-0.69,7.244,7.277,7.363,331803.7,524822.15,470303.15,0.01,2.37
217,2016/2/16,7.21,7.36,7.35,7.19,447866.97,0.17,2.37,7.25,7.303,7.343,335315.93,521496.74,469112.73,0.03,2.31
216,2016/2/17,7.3,7.54,7.52,7.29,755866.19,0.17,2.31,7.312,7.326,7.339,411557.59,522837.75,485170.03,0.05,-1.06
215,2016/2/18,7.54,7.54,7.44,7.42,662326.44,-0.08,-1.06,7.344,7.325,7.33,470332.27,475617.75,494572.24,0.04,0
214,2016/2/19,7.43,7.47,7.43,7.38,301206.94,0,0,7.384,7.321,7.334,476661.45,430447.24,483457.65,0.02,1.62
213,2016/2/22,7.45,7.55,7.54,7.43,428599.66,0.12,1.62,7.456,7.35,7.348,519173.24,425488.47,485709.78,0.03,-0.53
212,2016/2/23,7.57,7.58,7.49,7.46,398521.47,-0.04,-0.53,7.484,7.367,7.352,509304.14,422310.03,484196.93,0.02,0.8
211,2016/2/24,7.45,7.6,7.54,7.42,360778.41,0.06,0.8,7.488,7.4,7.356,430286.58,420922.09,478806.23,0.02,-5.98
210,2016/2/25,7.52,7.52,7.08,7.07,692483.12,-0.45,-5.98,7.416,7.38,7.347,436317.92,453325.09,496663.17,0.04,2.4
209,2016/2/26,7.13,7.35,7.25,7.1,641395.25,0.17,2.4,7.38,7.382,7.343,504355.58,490508.52,514377.72,0.04,0.28
208,2016/2/29,7.21,7.3,7.28,7.08,654075.56,0.02,0.28,7.328,7.392,7.335,549450.76,534312,529567.08,0.04,0.55
207,2016/3/1,7.23,7.34,7.32,7.17,340791.06,0.04,0.55,7.294,7.389,7.346,537904.68,523604.41,522550.57,0.02,3
206,2016/3/2,7.32,7.55,7.54,7.31,711469.75,0.22,3,7.294,7.391,7.359,608042.95,519164.77,521001.26,0.04,0.53
205,2016/3/3,7.5,7.6,7.58,7.46,537666.12,0.04,0.53,7.394,7.405,7.365,577079.55,506698.73,491158.24,0.03,3.17
204,2016/3/4,7.57,7.85,7.82,7.52,1374701,0.24,3.17,7.508,7.444,7.383,723740.7,614048.14,522247.69,0.08,-0.38
203,2016/3/7,7.75,7.85,7.79,7.73,499940.16,-0.03,-0.38,7.61,7.469,7.41,692913.62,621182.19,523335.33,0.03,0.51
202,2016/3/8,7.83,7.86,7.82,7.68,538072.44,0.04,0.51,7.71,7.502,7.435,732369.89,635137.29,528723.66,0.03,-0.38
201,2016/3/9,7.7,7.82,7.79,7.48,731036.62,-0.03,-0.38,7.76,7.527,7.464,736283.27,672163.11,546542.6,0.05,-1.67
200,2016/3/10,7.69,7.72,7.67,7.6,325179.88,-0.13,-1.67,7.778,7.586,7.483,693786.02,635432.78,544378.94,0.02,0
199,2016/3/11,7.6,7.71,7.69,7.56,296089.81,0,0,7.752,7.63,7.506,478063.78,600902.24,545705.38,0.02,0.78
198,2016/3/14,7.72,7.81,7.75,7.64,399276.91,0.06,0.78,7.744,7.677,7.535,457931.13,575422.38,554867.19,0.02,0.52
197,2016/3/15,7.78,7.82,7.79,7.7,397032.19,0.04,0.52,7.738,7.724,7.557,429723.08,581046.49,552325.45,0.02,1.28
196,2016/3/16,7.76,7.94,7.89,7.73,823523.75,0.1,1.28,7.758,7.759,7.575,448220.51,592251.89,555708.33,0.05,-0.13
195,2016/3/17,7.89,7.91,7.88,7.82,373733.62,-0.01,-0.13,7.8,7.789,7.597,457931.26,575858.64,541278.69,0.02,-0.13
194,2016/3/18,7.92,7.94,7.87,7.83,724579,-0.01,-0.13,7.836,7.794,7.619,543629.09,510846.44,562447.29,0.04,-0.25
193,2016/3/21,7.88,7.9,7.86,7.82,883627.94,-0.02,-0.25,7.858,7.801,7.635,640499.3,549215.22,585198.7,0.05,-0.64
192,2016/3/22,7.83,7.85,7.8,7.77,479554.41,-0.05,-0.64,7.86,7.799,7.651,657003.74,543363.41,589250.35,0.03,-0.13
191,2016/3/23,7.79,7.81,7.78,7.74,312385.72,-0.01,-0.13,7.838,7.798,7.663,554776.14,501498.32,586830.72,0.02,-1.93
190,2016/3/24,7.74,7.74,7.63,7.62,421637.75,-0.15,-1.93,7.788,7.794,7.69,564356.96,511144.11,573288.45,0.03,0
189,2016/3/25,7.63,7.65,7.63,7.56,336244.88,0,0,7.74,7.788,7.709,486690.14,515159.62,558030.93,0.02,-0.66
188,2016/3/28,7.63,7.68,7.58,7.57,388355.38,-0.05,-0.66,7.684,7.771,7.724,387635.63,514067.46,544744.92,0.02,-1.45
187,2016/3/29,7.58,7.61,7.48,7.46,466069.06,-0.11,-1.45,7.62,7.74,7.732,384938.56,520971.15,551008.82,0.03,2.54
186,2016/3/30,7.51,7.75,7.67,7.49,798939.75,0.19,2.54,7.598,7.718,7.739,482249.36,518512.75,555382.32,0.05,-0.65
185,2016/3/31,7.65,7.68,7.62,7.6,466718.62,-0.05,-0.65,7.596,7.692,7.741,491265.54,527811.25,551834.94,0.03,0.66
184,2016/4/1,7.58,7.68,7.66,7.51,574413.56,0.05,0.66,7.602,7.671,7.733,538899.27,512794.71,511820.57,0.04,0
183,2016/4/5,7.61,7.68,7.66,7.56,493143.69,0,0,7.618,7.651,7.726,559856.94,473746.28,511480.75,0.03,0.52
182,2016/4/6,7.64,7.83,7.7,7.63,839981.81,0.04,0.52,7.662,7.641,7.72,634639.49,509789.02,526576.22,0.05,-1.17
181,2016/4/7,7.72,7.73,7.61,7.58,484216.81,-0.09,-1.17,7.65,7.624,7.711,571694.9,526972.13,514235.23,0.03,-1.18
180,2016/4/8,7.58,7.59,7.52,7.49,385975.03,-0.09,-1.18,7.63,7.613,7.704,555546.18,523405.86,517274.98,0.02,1.73
179,2016/4/11,7.56,7.66,7.65,7.55,514811.25,0.13,1.73,7.628,7.615,7.702,543625.72,541262.5,528211.06,0.03,0
178,2016/4/12,7.65,7.68,7.64,7.62,360599.5,0,0,7.624,7.621,7.696,517116.88,538486.91,526277.19,0.02,1.83
177,2016/4/13,7.7,7.84,7.79,7.69,858612.88,0.14,1.83,7.642,7.652,7.696,520843.09,577741.29,549356.22,0.05,-0.26
176,2016/4/14,7.84,7.85,7.77,7.74,402957.31,-0.02,-0.26,7.674,7.662,7.69,504591.19,538143.05,528327.9,0.02,-0.26
175,2016/4/15,7.8,7.8,7.75,7.72,243137.88,-0.02,-0.26,7.72,7.675,7.684,476023.76,515784.97,521798.11,0.02,-1.94
174,2016/4/18,7.68,7.68,7.6,7.56,343820.38,-0.15,-1.94,7.71,7.669,7.67,441825.59,492725.65,502760.18,0.02,0.79
173,2016/4/19,7.63,7.66,7.65,7.56,275054.97,0.06,0.79,7.712,7.668,7.66,424716.68,470916.78,472331.53,0.02,-0.65
172,2016/4/20,7.65,7.69,7.6,7.43,635918.06,-0.05,-0.65,7.674,7.658,7.65,380177.72,450510.41,480149.71,0.04,-0.26
171,2016/4/21,7.52,7.64,7.57,7.52,361312.09,-0.02,-0.26,7.634,7.654,7.639,371848.68,438219.93,482596.03,0.02,0.13
170,2016/4/22,7.53,7.63,7.58,7.5,251019.56,0.01,0.13,7.6,7.66,7.637,373425.01,424724.39,474065.12,0.02,-0.26
169,2016/4/25,7.55,7.58,7.56,7.47,204614.62,-0.02,-0.26,7.592,7.651,7.633,345583.86,393704.73,467483.61,0.01,-0.13
168,2016/4/26,7.58,7.58,7.55,7.49,180849.95,-0.01,-0.13,7.572,7.642,7.632,326742.86,375729.77,457108.34,0.01,-0.13
167,2016/4/27,7.56,7.59,7.53,7.52,208057.7,-0.01,-0.13,7.558,7.616,7.634,241170.78,310674.25,444207.77,0.01,0
166,2016/4/28,7.54,7.58,7.53,7.47,222568.7,0,0,7.55,7.592,7.627,213422.11,292635.39,415389.22,0.01,-1.46
165,2016/4/29,7.45,7.49,7.42,7.38,374142.78,-0.11,-1.46,7.518,7.559,7.617,238046.75,305735.88,410760.43,0.02,1.21
164,2016/5/3,7.4,7.51,7.51,7.39,292455.62,0.09,1.21,7.508,7.55,7.61,255614.95,300599.4,396662.53,0.02,-0.8
163,2016/5/4,7.48,7.51,7.45,7.43,213058.53,-0.06,-0.8,7.488,7.53,7.599,262056.67,294399.76,382658.27,0.01,0
162,2016/5/5,7.45,7.48,7.46,7.42,177455.27,0,0,7.474,7.516,7.587,255936.18,248553.48,349531.94,0.01,-1.48
161,2016/5/6,7.46,7.46,7.35,7.34,327261.75,-0.11,-1.48,7.438,7.494,7.574,276874.79,245148.45,341684.19,0.02,-1.91
160,2016/5/9,7.32,7.32,7.2,7.18,347541.12,-0.14,-1.91,7.394,7.456,7.558,271554.46,254800.6,339762.5,0.02,-0.14
159,2016/5/10,7.18,7.22,7.19,7.16,137131.53,-0.01,-0.14,7.33,7.419,7.535,240489.64,248052.3,320878.51,0.01,0.56
158,2016/5/11,7.21,7.25,7.23,7.18,148519.02,0.04,0.56,7.286,7.387,7.515,227581.74,244819.2,310274.49,0.01,-0.28
157,2016/5/12,7.21,7.21,7.2,7.14,172218.05,-0.02,-0.28,7.234,7.354,7.485,226534.29,241235.24,275954.74,0.01,-0.14
156,2016/5/13,7.2,7.25,7.19,7.16,210406.31,-0.01,-0.14,7.202,7.32,7.456,203163.21,240019,266327.19,0.01,0.14
155,2016/5/16,7.17,7.2,7.2,7.12,132203.3,0.01,0.14,7.202,7.298,7.429,160095.64,215825.05,260780.47,0.01,0.42
154,2016/5/17,7.21,7.25,7.23,7.2,178868.3,0.03,0.42,7.21,7.27,7.41,168443,204466.32,252532.86,0.01,-0.55
153,2016/5/18,7.21,7.22,7.2,7.11,288083.31,-0.04,-0.55,7.204,7.245,7.388,196355.85,211968.8,253184.28,0.02,-0.28
152,2016/5/19,7.18,7.23,7.18,7.15,169518.84,-0.02,-0.28,7.2,7.217,7.367,195816.01,211175.15,229864.32,0.01,0.42
151,2016/5/20,7.17,7.21,7.21,7.15,87155.82,0.03,0.42,7.204,7.203,7.349,171165.91,187164.56,216156.5,0.01,0
150,2016/5/23,7.21,7.23,7.21,7.19,105591.26,0,0,7.206,7.204,7.33,165843.51,162969.57,208885.09,0.01,0.28
149,2016/5/24,7.19,7.22,7.22,7.15,149169.83,0.02,0.28,7.204,7.207,7.313,159903.81,164173.4,206112.85,0.01,-0.28
148,2016/5/25,7.22,7.24,7.2,7.19,111169.79,-0.02,-0.28,7.204,7.204,7.296,124521.11,160438.48,202628.84,0.01,0.28
147,2016/5/26,7.21,7.25,7.21,7.15,143015.84,0.02,0.28,7.21,7.205,7.28,119220.51,157518.26,199376.75,0.01,-0.14
146,2016/5/27,7.21,7.22,7.21,7.17,90752.11,-0.01,-0.14,7.21,7.207,7.264,119939.77,145552.84,192785.92,0.01,0.42
145,2016/5/30,7.22,7.24,7.23,7.17,133729.05,0.03,0.42,7.214,7.21,7.254,125567.32,145705.41,180765.23,0.01,1.94
144,2016/5/31,7.22,7.38,7.37,7.21,395317.88,0.14,1.94,7.244,7.224,7.247,174796.93,167350.37,185908.35,0.02,-0.68
143,2016/6/1,7.36,7.37,7.32,7.32,225881.8,-0.05,-0.68,7.268,7.236,7.241,197739.34,161130.22,186549.51,0.01,0
142,2016/6/2,7.33,7.34,7.32,7.3,116683.89,0,0,7.29,7.25,7.234,192472.95,155846.73,183510.94,0.01,0.41
141,2016/6/3,7.34,7.38,7.36,7.3,246468.42,0.03,0.41,7.32,7.265,7.234,223616.21,171777.99,179471.27,0.02,-0.27
140,2016/6/6,7.35,7.36,7.34,7.32,105351.49,-0.02,-0.27,7.342,7.278,7.241,217940.7,171754.01,167361.79,0.01,-0.14
139,2016/6/7,7.35,7.35,7.33,7.31,79628.43,-0.01,-0.14,7.334,7.289,7.248,154802.81,164799.87,164486.64,0,-0.27
138,2016/6/8,7.32,7.32,7.29,7.27,130984.01,-0.02,-0.27,7.328,7.298,7.251,135823.25,166781.29,163609.89,0.01,-1.51
137,2016/6/13,7.26,7.39,7.19,7.18,242592.58,-0.11,-1.51,7.302,7.296,7.251,161004.99,176738.97,167128.61,0.01,0
136,2016/6/14,7.19,7.21,7.19,7.17,125601.03,0,0,7.268,7.294,7.251,136831.51,180223.86,162888.35,0.01,0.42
135,2016/6/15,7.16,7.23,7.22,7.13,154928.88,0.03,0.42,7.244,7.293,7.252,146746.99,182343.84,164024.63,0.01,-0.69
134,2016/6/16,7.18,7.21,7.17,7.15,187591.02,-0.05,-0.69,7.212,7.273,7.249,168339.5,161571.15,164460.76,0.01,0.28
133,2016/6/17,7.17,7.25,7.19,7.16,186709.06,0.02,0.28,7.192,7.26,7.248,179484.51,157653.88,159392.05,0.01,0.14
132,2016/6/20,7.2,7.22,7.21,7.17,100364.64,0.01,0.14,7.196,7.249,7.25,151038.93,156021.96,155934.34,0.01,-0.42
131,2016/6/21,7.21,7.25,7.18,7.18,130182.54,-0.03,-0.42,7.194,7.231,7.248,151955.23,144393.37,158085.68,0.01,0.28
130,2016/6/22,7.19,7.22,7.21,7.18,101384.43,0.02,0.28,7.192,7.218,7.248,141246.34,143996.66,157875.34,0.01,-0.69
129,2016/6/23,7.22,7.23,7.17,7.16,117768.25,-0.05,-0.69,7.192,7.202,7.246,127281.78,147810.64,156305.26,0.01,-0.84
128,2016/6/24,7.19,7.21,7.12,7.08,291303.69,-0.06,-0.84,7.178,7.185,7.242,148200.71,163842.61,165311.95,0.02,0.28
127,2016/6/27,7.08,7.16,7.14,7.08,154910.91,0.02,0.28,7.164,7.18,7.238,159109.96,155074.45,165906.71,0.01,0.7
126,2016/6/28,7.13,7.19,7.19,7.12,174337.19,0.05,0.7,7.166,7.18,7.237,167940.89,159948.06,170085.96,0.01,0.28
125,2016/6/29,7.19,7.23,7.21,7.18,172091.56,0.02,0.28,7.166,7.179,7.236,182082.32,161664.33,172004.09,0.01,0.14
124,2016/6/30,7.22,7.24,7.23,7.21,165720.47,0.01,0.14,7.178,7.185,7.229,191672.76,159477.27,160524.21,0.01,0
123,2016/7/1,7.22,7.24,7.23,7.19,174637.88,0,0,7.2,7.189,7.225,168339.6,158270.16,157962.02,0.01,0.83
122,2016/7/4,7.21,7.29,7.28,7.2,267339.62,0.06,0.83,7.228,7.196,7.223,190825.34,174967.65,165494.81,0.02,0
121,2016/7/5,7.29,7.31,7.29,7.26,233000.66,0,0,7.248,7.207,7.219,202558.04,185249.47,164821.42,0.01,-0.27
120,2016/7/6,7.26,7.28,7.28,7.21,219805.53,-0.02,-0.27,7.262,7.214,7.216,212100.83,197091.58,170544.12,0.01,0.28
119,2016/7/7,7.26,7.3,7.29,7.23,212189.64,0.02,0.28,7.274,7.226,7.214,221394.67,206533.72,177172.18,0.01,-0.41
118,2016/7/8,7.26,7.27,7.26,7.23,132076.12,-0.03,-0.41,7.28,7.24,7.213,212882.31,190610.96,177226.79,0.01,0.41
117,2016/7/11,7.24,7.31,7.28,7.23,254845.77,0.03,0.41,7.28,7.254,7.217,210383.54,200604.44,177839.44,0.02,1.24
116,2016/7/12,7.27,7.38,7.37,7.25,491313.41,0.09,1.24,7.296,7.272,7.226,262046.09,232302.07,196125.06,0.03,0.54
115,2016/7/13,7.37,7.44,7.41,7.35,372635.56,0.04,0.54,7.322,7.292,7.236,292612.1,252356.47,207010.4,0.02,-0.68
114,2016/7/14,7.38,7.4,7.36,7.35,192008.59,-0.05,-0.68,7.336,7.305,7.245,288575.89,254985.28,207231.28,0.01,0.27
113,2016/7/15,7.37,7.41,7.39,7.36,178135.48,0.02,0.27,7.362,7.321,7.255,297787.76,255335.04,206802.6,0.01,-0.14
112,2016/7/18,7.37,7.4,7.37,7.35,180941.11,-0.01,-0.14,7.38,7.33,7.263,283006.83,246695.19,210831.42,0.01,-0.54
111,2016/7/19,7.36,7.37,7.34,7.32,149149.25,-0.04,-0.54,7.374,7.335,7.271,214574,238310.05,211779.76,0.01,-0.27
110,2016/7/20,7.33,7.37,7.33,7.32,121135.42,-0.02,-0.27,7.358,7.34,7.277,164273.97,228443.04,212767.31,0.01,0.27
109,2016/7/21,7.32,7.37,7.34,7.31,119942.91,0.02,0.27,7.354,7.345,7.286,149860.83,219218.36,212876.04,0.01,-0.82
108,2016/7/22,7.34,7.34,7.28,7.28,159620.8,-0.06,-0.82,7.332,7.347,7.294,146157.9,221972.83,206291.89,0.01,0
107,2016/7/25,7.29,7.31,7.29,7.26,107281.3,0,0,7.316,7.348,7.301,131425.94,207216.38,203910.41,0.01,0.55
106,2016/7/26,7.28,7.33,7.32,7.28,111685.54,0.04,0.55,7.312,7.343,7.308,123933.19,169253.6,200777.83,0.01,-1.64
105,2016/7/27,7.33,7.34,7.21,7.19,284834.25,-0.12,-1.64,7.288,7.323,7.308,156672.96,160473.47,206414.97,0.02,0
104,2016/7/28,7.22,7.23,7.23,7.19,189588.3,0,0,7.266,7.31,7.308,170602.04,160231.44,207608.36,0.01,0
103,2016/7/29,7.21,7.23,7.22,7.2,116170.21,0,0,7.254,7.293,7.307,161911.92,154034.91,204684.97,0.01,0
102,2016/8/1,7.21,7.23,7.22,7.17,133951.95,0,0,7.24,7.278,7.304,167246.05,149335.99,198015.59,0.01,0.28
101,2016/8/2,7.2,7.24,7.24,7.19,123092.89,0.02,0.28,7.224,7.268,7.302,169527.52,146730.36,192520.2,0.01,-0.28
100,2016/8/3,7.21,7.23,7.22,7.19,103749.29,-0.02,-0.28,7.226,7.257,7.299,133310.53,144991.74,186717.39,0.01,0.14
99,2016/8/4,7.23,7.24,7.23,7.19,124084.1,0.01,0.14,7.226,7.246,7.296,120209.69,145405.86,182312.11,0.01,0.14
98,2016/8/5,7.23,7.25,7.25,7.21,129719.14,0.01,0.14,7.232,7.243,7.295,122919.47,142415.7,182194.26,0.01,0.28
97,2016/8/8,7.24,7.26,7.26,7.21,152230.14,0.02,0.28,7.24,7.24,7.294,126575.11,146910.58,177063.48,0.01,0.41
96,2016/8/9,7.26,7.29,7.29,7.22,164700.23,0.03,0.41,7.25,7.237,7.29,134896.58,152212.05,160732.82,0.01,0
95,2016/8/10,7.28,7.29,7.28,7.26,114816.41,0,0,7.262,7.244,7.284,137110,135210.27,147841.87,0.01,0.41
94,2016/8/11,7.27,7.3,7.3,7.26,226074.84,0.03,0.41,7.276,7.251,7.281,157508.15,138858.92,149545.18,0.01,0.69
93,2016/8/12,7.3,7.35,7.35,7.27,296877.75,0.05,0.69,7.296,7.264,7.279,190939.87,156929.67,155482.29,0.02,1.5
92,2016/8/15,7.35,7.46,7.45,7.33,549700,0.11,1.5,7.334,7.287,7.283,270433.85,198504.48,173920.24,0.03,-0.4
91,2016/8/16,7.45,7.46,7.42,7.4,334813.38,-0.03,-0.4,7.36,7.305,7.287,304456.48,219676.53,183203.44,0.02,-0.14
90,2016/8/17,7.42,7.44,7.41,7.4,202916.14,-0.01,-0.14,7.386,7.324,7.291,322076.42,229593.21,187292.48,0.01,-0.4
89,2016/8/18,7.41,7.44,7.39,7.38,214121.31,-0.03,-0.4,7.404,7.34,7.293,319685.72,238596.93,192001.4,0.01,0.27
88,2016/8/19,7.41,7.46,7.41,7.39,279880.31,0.02,0.27,7.416,7.356,7.3,316286.23,253613.05,198014.37,0.02,0.14
87,2016/8/22,7.41,7.45,7.42,7.4,249023.55,0.01,0.14,7.41,7.372,7.306,256150.94,263292.39,205101.49,0.02,0
86,2016/8/23,7.41,7.43,7.42,7.39,187156.06,0,0,7.41,7.385,7.311,226619.47,265537.97,208875.01,0.01,0
85,2016/8/24,7.41,7.44,7.42,7.4,148676.16,0,0,7.412,7.399,7.322,215771.48,268923.95,202067.11,0.01,-0.27
84,2016/8/25,7.41,7.42,7.41,7.37,237130.8,-0.02,-0.27,7.416,7.41,7.331,220373.38,270029.55,204444.23,0.01,-0.14
83,2016/8/26,7.4,7.43,7.4,7.39,163733.11,-0.01,-0.14,7.414,7.415,7.34,197143.94,256715.08,206822.38,0.01,0.14
82,2016/8/29,7.39,7.43,7.41,7.37,163821.67,0.01,0.14,7.412,7.411,7.349,180103.56,218127.25,208315.86,0.01,1.08
81,2016/8/30,7.42,7.52,7.5,7.39,456699.84,0.08,1.08,7.428,7.419,7.362,234012.32,230315.9,224996.21,0.03,0.67
80,2016/8/31,7.49,7.54,7.54,7.47,355170.25,0.05,0.67,7.452,7.432,7.378,275311.13,245541.31,237567.26,0.02,-0.53
79,2016/9/1,7.52,7.54,7.5,7.48,237876.58,-0.04,-0.53,7.47,7.443,7.392,275460.29,247916.83,243256.88,0.01,-0.27
78,2016/9/2,7.48,7.5,7.47,7.45,156726.92,-0.02,-0.27,7.484,7.449,7.403,274059.05,235601.49,244607.27,0.01,0.13
77,2016/9/5,7.47,7.52,7.48,7.45,178188.05,0.01,0.13,7.498,7.455,7.414,276932.33,228517.94,245905.17,0.01,-0.13
76,2016/9/6,7.49,7.5,7.49,7.46,135991.73,-0.01,-0.13,7.496,7.462,7.424,212790.71,223401.51,244469.74,0.01,0
75,2016/9/7,7.48,7.51,7.49,7.47,166131.92,0,0,7.486,7.469,7.434,174983.04,225147.09,247035.52,0.01,-0.4
74,2016/9/8,7.5,7.5,7.46,7.45,110170.31,-0.03,-0.4,7.478,7.474,7.442,149441.79,212451.04,241240.29,0.01,-0.54
73,2016/9/9,7.47,7.48,7.42,7.4,174065,-0.04,-0.54,7.468,7.476,7.446,152909.4,213484.23,235099.65,0.01,-1.89
72,2016/9/12,7.37,7.38,7.28,7.26,358062.94,-0.14,-1.89,7.428,7.463,7.437,188884.38,232908.35,225517.8,0.02,-0.14
71,2016/9/13,7.3,7.31,7.3,7.26,192731.38,-0.01,-0.14,7.39,7.443,7.431,200232.31,206511.51,218413.7,0.01,-0.14
70,2016/9/14,7.27,7.3,7.28,7.26,191951.72,-0.01,-0.14,7.348,7.417,7.425,205396.27,190189.66,217865.48,0.01,-0.14
69,2016/9/19,7.27,7.29,7.27,7.26,207369.14,-0.01,-0.14,7.31,7.394,7.419,224836.04,187138.91,217527.87,0.01,-0.14
68,2016/9/20,7.28,7.28,7.27,7.25,132267.98,-0.01,-0.14,7.28,7.374,7.412,216476.63,184693.02,210147.26,0.01,0.14
67,2016/9/21,7.26,7.26,7.26,7.23,86711.59,0.01,0.14,7.276,7.352,7.404,162206.36,175545.37,202031.66,0.01,0
66,2016/9/22,7.27,7.28,7.26,7.26,169545.95,0,0,7.268,7.329,7.396,157569.28,178900.79,201151.15,0.01,0
65,2016/9/23,7.27,7.28,7.26,7.25,112948.64,0,0,7.264,7.306,7.388,141768.66,173582.47,199364.78,0.01,-0.96
64,2016/9/26,7.25,7.25,7.2,7.18,253114.02,-0.07,-0.96,7.25,7.28,7.377,150917.64,187876.84,200163.94,0.02,0.42
63,2016/9/27,7.19,7.22,7.22,7.16,146267.84,0.03,0.42,7.24,7.26,7.368,153717.61,185097.12,199290.67,0.01,-0.14
62,2016/9/28,7.21,7.21,7.2,7.18,80178.25,-0.01,-0.14,7.228,7.252,7.358,152410.94,157308.65,195108.5,0,0.69
61,2016/9/29,7.23,7.27,7.24,7.23,183506.52,0.05,0.69,7.224,7.246,7.345,155203.05,156386.17,181448.84,0.01,0
60,2016/9/30,7.23,7.24,7.23,7.21,140294.8,0,0,7.218,7.241,7.329,160672.29,151220.47,170705.06,0.01,0.97
59,2016/10/10,7.33,7.33,7.29,7.27,244554.16,0.07,0.97,7.236,7.243,7.319,158960.31,154938.98,171038.94,0.02,0.27
58,2016/10/11,7.31,7.33,7.31,7.29,186896.22,0.02,0.27,7.254,7.247,7.311,167085.99,160401.8,172547.41,0.01,-0.14
57,2016/10/12,7.29,7.31,7.3,7.28,131392.25,-0.01,-0.14,7.274,7.251,7.302,177328.79,164869.87,170207.62,0.01,-0.27
56,2016/10/13,7.3,7.31,7.28,7.27,132148.75,-0.02,-0.27,7.282,7.253,7.291,167057.24,161130.14,170015.47,0.01,0.14
55,2016/10/14,7.28,7.3,7.29,7.26,172254.56,0.01,0.14,7.294,7.256,7.281,173449.19,167060.74,170321.6,0.01,-0.41
54,2016/10/17,7.29,7.3,7.27,7.25,162075.62,-0.03,-0.41,7.29,7.263,7.272,156953.48,157956.9,172916.87,0.01,0.83
53,2016/10/18,7.25,7.35,7.32,7.25,260048.7,0.06,0.83,7.292,7.273,7.267,171583.98,169334.98,177216.05,0.02,0.14
52,2016/10/19,7.33,7.36,7.34,7.31,211336.23,0.01,0.14,7.3,7.287,7.27,187572.77,182450.78,169879.72,0.01,0
51,2016/10/20,7.34,7.36,7.33,7.31,283310.44,0,0,7.31,7.296,7.271,217805.11,192431.17,174408.67,0.02,0.27
50,2016/10/21,7.32,7.37,7.36,7.31,272688.06,0.02,0.27,7.324,7.309,7.275,237891.81,205670.5,178445.49,0.02,0.81
49,2016/10/24,7.37,7.46,7.42,7.34,558895.94,0.06,0.81,7.354,7.322,7.283,317255.87,237104.68,196021.83,0.03,-0.4
48,2016/10/25,7.41,7.43,7.4,7.38,250159.59,-0.03,-0.4,7.37,7.331,7.289,315278.05,243431.01,201916.41,0.02,0
47,2016/10/26,7.4,7.41,7.39,7.35,139077.84,0,0,7.38,7.34,7.296,300826.37,244199.57,204534.72,0.01,-0.14
46,2016/10/27,7.37,7.4,7.37,7.35,135415.95,-0.01,-0.14,7.388,7.349,7.301,271247.48,244526.29,202828.22,0.01,0.14
45,2016/10/28,7.36,7.4,7.38,7.36,189581.33,0.01,0.14,7.392,7.358,7.307,254626.13,246258.97,206659.85,0.01,-0.54
44,2016/10/31,7.35,7.36,7.34,7.29,213820.23,-0.04,-0.54,7.376,7.365,7.314,185610.99,251433.43,204695.16,0.01,-0.14
43,2016/11/1,7.32,7.34,7.33,7.3,170665.03,-0.01,-0.14,7.362,7.366,7.32,169712.08,242495.06,205915.02,0.01,-0.82
42,2016/11/2,7.31,7.33,7.27,7.26,211376.16,-0.06,-0.82,7.338,7.359,7.323,184171.74,242499.06,212474.92,0.01,0
41,2016/11/3,7.26,7.31,7.28,7.24,165506.41,0,0,7.32,7.354,7.325,190189.83,230718.65,211574.91,0.01,-0.27
40,2016/11/4,7.28,7.31,7.27,7.26,184316.3,-0.02,-0.27,7.298,7.345,7.327,189136.83,221881.48,213775.99,0.01,0.41
39,2016/11/7,7.26,7.31,7.29,7.25,180578.3,0.03,0.41,7.288,7.332,7.327,182488.44,184049.71,210577.2,0.01,0.27
38,2016/11/8,7.3,7.32,7.31,7.3,205222.47,0.02,0.27,7.284,7.323,7.327,189399.93,179556,211493.51,0.01,-0.68
37,2016/11/9,7.32,7.32,7.27,7.25,216469.05,-0.05,-0.68,7.284,7.311,7.326,190418.51,187295.12,215747.35,0.01,0.82
36,2016/11/10,7.3,7.35,7.34,7.28,360410.38,0.06,0.82,7.296,7.308,7.329,229399.3,209794.57,227160.43,0.02,0.82
35,2016/11/11,7.32,7.43,7.4,7.31,472755.06,0.06,0.82,7.322,7.31,7.334,287087.05,238111.94,242185.45,0.03,0.54
34,2016/11/14,7.38,7.46,7.44,7.37,496169.62,0.04,0.54,7.352,7.32,7.343,350205.32,266346.88,258890.15,0.03,-0.27
33,2016/11/15,7.42,7.47,7.42,7.4,342825.94,-0.02,-0.27,7.374,7.329,7.348,377726.01,283562.97,263029.02,0.02,0.14
32,2016/11/16,7.43,7.44,7.43,7.38,272181.47,0.01,0.14,7.406,7.345,7.352,388868.49,289643.5,266071.28,0.02,0
31,2016/11/17,7.4,7.44,7.43,7.37,254161.95,0,0,7.424,7.36,7.357,367618.81,298509.05,264613.85,0.02,-0.4
30,2016/11/18,7.41,7.43,7.39,7.38,161033.27,-0.03,-0.4,7.422,7.372,7.359,305274.45,296180.75,259031.11,0.01,1.08
29,2016/11/21,7.38,7.48,7.48,7.37,484375.69,0.08,1.08,7.43,7.391,7.362,302915.66,326560.49,255305.1,0.03,2.54
28,2016/11/22,7.51,7.73,7.67,7.48,1286715,0.19,2.54,7.48,7.427,7.375,491693.48,434709.74,307132.87,0.08,-1.17
27,2016/11/23,7.61,7.71,7.58,7.55,652430.25,-0.09,-1.17,7.51,7.458,7.385,567743.23,478305.86,332800.49,0.04,-0.53
26,2016/11/24,7.57,7.61,7.55,7.53,393493,-0.04,-0.53,7.534,7.479,7.394,595609.44,481614.12,345704.35,0.02,0.66
25,2016/11/25,7.55,7.62,7.6,7.52,520840.41,0.05,0.66,7.576,7.499,7.405,667570.87,486422.66,362267.3,0.03,0.92
24,2016/11/28,7.58,7.69,7.67,7.57,522095.62,0.07,0.92,7.614,7.522,7.421,675114.86,489015.26,377681.07,0.03,1.3
23,2016/11/29,7.68,7.8,7.77,7.64,870724.56,0.1,1.3,7.634,7.557,7.443,591916.77,541805.12,412684.05,0.05,-1.93
22,2016/11/30,7.75,7.76,7.62,7.58,561251.75,-0.15,-1.93,7.642,7.576,7.461,573681.07,570712.15,430177.83,0.03,1.97
21,2016/12/1,7.85,7.87,7.77,7.7,1012272.56,0.15,1.97,7.686,7.61,7.485,697436.98,646523.21,472516.13,0.06,1.29
20,2016/12/2,7.78,8.14,7.86,7.76,1547598,0.1,1.29,7.738,7.657,7.515,902788.5,785179.68,540680.22,0.1,-2.93
19,2016/12/5,7.79,7.79,7.63,7.6,660914.31,-0.23,-2.93,7.73,7.672,7.532,930552.24,802833.55,564697.02,0.04,-0.52
18,2016/12/6,7.61,7.69,7.6,7.59,340396.41,-0.04,-0.52,7.696,7.665,7.546,824486.61,708201.69,571455.72,0.02,0.26
17,2016/12/7,7.59,7.62,7.62,7.52,350637.09,0.02,0.26,7.696,7.669,7.564,782363.67,678022.37,578164.12,0.02,-0.53
16,2016/12/8,7.6,7.62,7.58,7.57,220517.7,-0.04,-0.53,7.658,7.672,7.576,624012.7,660724.84,571169.48,0.01,0.92
15,2016/12/9,7.58,7.67,7.65,7.57,381101.03,0.07,0.92,7.616,7.677,7.588,390713.31,646750.9,566586.78,0.02,-1.05
14,2016/12/12,7.75,7.79,7.57,7.55,609923.5,-0.08,-1.05,7.604,7.667,7.595,380515.15,655533.69,572274.48,0.04,1.85
13,2016/12/13,7.55,7.74,7.71,7.53,570669.19,0.14,1.85,7.626,7.661,7.609,426569.7,625528.15,583666.64,0.04,0.52
12,2016/12/14,7.71,7.91,7.75,7.69,764488.69,0.04,0.52,7.652,7.674,7.625,509340.02,645851.85,608282,0.05,-1.94
11,2016/12/15,7.68,7.7,7.6,7.52,543117.44,-0.15,-1.94,7.656,7.657,7.634,573859.97,598936.34,622729.77,0.03,0.13
10,2016/12/16,7.56,7.63,7.61,7.53,293232.75,0.01,0.13,7.648,7.632,7.645,556286.31,473499.81,629339.75,0.02,1.18
9,2016/12/19,7.62,7.72,7.7,7.57,404210.34,0.09,1.18,7.674,7.639,7.656,515143.68,447829.41,625331.48,0.02,-0.91
8,2016/12/20,7.71,7.71,7.63,7.58,314202.38,-0.07,-0.91,7.658,7.642,7.654,463850.32,445210.01,576705.85,0.02,3.93
7,2016/12/21,7.75,8.08,7.93,7.73,1510244,0.3,3.93,7.694,7.673,7.671,613001.38,561170.7,619596.54,0.09,2.9
6,2016/12/22,7.9,8.28,8.16,7.86,1665867.5,0.23,2.9,7.806,7.731,7.702,837551.39,705705.68,683215.26,0.1,-0.49
5,2016/12/23,8.13,8.24,8.12,8.06,831085.06,-0.04,-0.49,7.908,7.778,7.728,945121.86,750704.09,698727.49,0.05,-0.25
4,2016/12/26,8.07,8.13,8.1,7.93,685981.44,-0.02,-0.25,7.988,7.831,7.749,1001476.08,758309.88,706921.78,0.04,-0.99
3,2016/12/27,8.06,8.09,8.02,7.97,493850.69,-0.08,-0.99,8.066,7.862,7.762,1037405.74,750628.03,688078.09,0.03,0.12
2,2016/12/28,8.05,8.19,8.03,8,666148.94,0.01,0.12,8.086,7.89,7.782,868586.73,740794.05,693322.95,0.04,-1
1,2016/12/29,7.98,8.02,7.95,7.93,385747.56,-0.08,-1,8.044,7.925,7.791,612562.74,725057.07,661996.7,0.02,0
