,date,open,high,close,low,volume,price_change,p_change,ma5,ma10,ma20,v_ma5,v_ma10,v_ma20,p_change_t1
482,2015/1/12,3258.213,3275.185,3229.316,3191.582,3220646.75,-56.096,-1.71,3229.316,3229.316,3229.316,3220646.75,3220646.75,3220646.75,0.18
481,2015/1/13,3223.542,3259.386,3235.301,3214.412,2307257.5,5.985,0.18,3232.309,3232.309,3232.309,2763952.13,2763952.13,2763952.13,-0.4
480,2015/1/14,3242.337,3268.483,3222.437,3193.978,2401907.5,-12.864,-0.4,3229.018,3229.018,3229.018,2643270.58,2643270.58,2643270.58,3.54
479,2015/1/15,3224.07,3337.084,3336.455,3207.545,2825462.5,114.018,3.54,3255.877,3255.877,3255.877,2688818.56,2688818.56,2688818.56,1.2
478,2015/1/16,3343.603,3400.318,3376.495,3340.49,3398767.5,40.04,1.2,3280.001,3280.001,3280.001,2830808.35,2830808.35,2830808.35,-7.71
477,2015/1/19,3189.727,3262.207,3116.351,3095.066,4010988,-260.144,-7.71,3257.408,3252.726,3252.726,2988876.6,3027504.96,3027504.96,1.82
476,2015/1/20,3114.56,3190.245,3173.052,3100.477,3570808,56.701,1.82,3244.958,3241.344,3241.344,3241586.7,3105119.68,3105119.68,4.75
475,2015/1/21,3189.085,3337.004,3323.611,3178.343,4109560.25,150.559,4.75,3265.193,3251.627,3251.627,3583117.25,3230674.75,3230674.75,0.59
474,2015/1/22,3327.319,3352.384,3343.344,3293.978,3533829.5,19.733,0.59,3266.571,3261.818,3261.818,3724790.65,3264358.61,3264358.61,0.25
473,2015/1/23,3357.096,3406.786,3351.764,3328.293,3662492.5,8.42,0.25,3261.624,3270.813,3270.813,3777535.65,3304172,3304172,0.94
472,2015/1/26,3347.257,3384.798,3383.182,3321.315,3175410,31.418,0.94,3314.991,3286.199,3281.028,3610420.05,3299648.33,3292466.36,-0.89
471,2015/1/27,3389.853,3390.216,3352.96,3290.219,3745175.5,-30.222,-0.89,3350.972,3297.965,3287.022,3645293.55,3443440.13,3330192.13,-1.41
470,2015/1/28,3325.722,3354.802,3305.738,3294.655,3019271,-47.222,-1.41,3347.398,3306.295,3288.462,3427235.7,3505176.48,3306275.12,-1.31
469,2015/1/29,3258.997,3286.786,3262.305,3234.241,2746586.25,-43.433,-1.31,3331.19,3298.88,3286.594,3269787.05,3497288.85,3266297.34,-1.59
468,2015/1/30,3273.747,3288.503,3210.363,3210.308,2583125.5,-51.942,-1.59,3302.91,3282.267,3281.512,3053913.65,3415724.65,3220752.55,-2.56
467,2015/2/2,3148.136,3175.134,3128.3,3122.572,2508616.25,-82.063,-2.56,3251.933,3283.462,3271.936,2920554.9,3265487.48,3176244.03,2.45
466,2015/2/3,3156.086,3207.935,3204.907,3129.732,2481921.75,76.607,2.45,3222.323,3286.647,3267.993,2667904.15,3156598.85,3135401.54,-0.96
465,2015/2/4,3212.822,3238.982,3174.126,3171.144,2490980.75,-30.781,-0.96,3196,3271.699,3262.778,2562246.1,2994740.9,3099600.39,-1.18
464,2015/2/5,3251.212,3251.212,3136.531,3135.819,3061393,-37.595,-1.18,3170.845,3251.018,3256.134,2625207.45,2947497.25,3097589.47,-1.93
463,2015/2/6,3120.09,3129.539,3075.907,3052.939,2467496.75,-60.624,-1.93,3143.954,3223.432,3247.122,2602081.7,2827997.68,3066084.84,0.62
462,2015/2/9,3063.51,3119.034,3095.124,3049.111,2061083.88,19.217,0.62,3137.319,3194.626,3240.413,2512575.23,2716565.06,3008106.69,1.5
461,2015/2/10,3090.49,3142.099,3141.593,3084.253,1938171.38,46.469,1.5,3124.656,3173.489,3235.727,2403825.15,2535864.65,2989652.39,0.51
460,2015/2/11,3145.765,3166.421,3157.704,3139.052,1728401,16.111,0.51,3121.372,3158.686,3232.491,2251309.2,2406777.65,2955977.06,0.5
459,2015/2/12,3157.959,3181.766,3173.416,3134.244,1945923.12,15.712,0.5,3128.749,3149.797,3224.339,2028215.23,2326711.34,2912000.09,0.96
458,2015/2/13,3186.808,3237.159,3203.827,3182.794,2612904.25,30.411,0.96,3154.333,3149.143,3215.705,2057296.73,2329689.21,2872706.93,0.58
457,2015/2/16,3206.137,3228.846,3222.363,3195.884,2237974.25,18.536,0.58,3179.781,3158.55,3221.006,2092674.8,2302625.01,2784056.24,0.76
456,2015/2/17,3230.884,3255.725,3246.906,3230.772,2283326.25,24.543,0.76,3200.843,3162.75,3224.699,2161705.77,2282765.46,2719682.16,-0.56
455,2015/2/25,3256.479,3257.223,3228.843,3215.552,2333481,-18.063,-0.56,3215.071,3168.221,3219.96,2282721.77,2267015.49,2630878.19,2.15
454,2015/2/26,3222.151,3300.616,3298.359,3202.188,3012638.75,69.516,2.15,3240.06,3184.404,3217.711,2496064.9,2262140.06,2604818.66,0.36
453,2015/2/27,3296.831,3324.546,3310.303,3291.007,2991637.25,11.944,0.36,3261.355,3207.844,3215.638,2571811.5,2314554.11,2571275.89,0.79
452,2015/3/2,3332.721,3336.76,3336.285,3298.669,3464456.75,25.982,0.79,3284.139,3231.96,3213.293,2817108,2454891.4,2585728.23,-2.19
451,2015/3/3,3317.695,3317.695,3263.052,3260.429,3820446.25,-73.233,-2.19,3287.368,3244.106,3208.798,3124532,2643118.89,2589491.77,0.51
450,2015/3/4,3264.182,3286.588,3279.533,3250.484,2936395.25,16.481,0.51,3297.506,3256.289,3207.487,3245114.85,2763918.31,2585347.98,-0.95
449,2015/3/5,3264.085,3266.638,3248.476,3221.666,3206635.75,-31.057,-0.95,3287.53,3263.795,3206.796,3283914.25,2889989.58,2608350.46,-0.22
448,2015/3/6,3248.036,3266.933,3241.187,3234.533,2829158,-7.289,-0.22,3273.707,3267.531,3208.337,3251418.4,2911614.95,2620652.08,1.89
447,2015/3/9,3224.314,3307.702,3302.408,3198.37,3214954.5,61.221,1.89,3266.931,3275.535,3217.042,3201517.95,3009312.98,2655968.99,-0.49
446,2015/3/10,3289.085,3309.915,3286.068,3277.095,2858175.75,-16.34,-0.49,3271.534,3279.451,3221.101,3009063.85,3066797.93,2674781.69,0.15
445,2015/3/11,3289.594,3325.054,3290.9,3278.471,2829855.25,4.832,0.15,3273.808,3285.657,3226.939,2987755.85,3116435.35,2691725.42,1.77
444,2015/3/12,3314.813,3360.054,3349.323,3300.488,3572951,58.423,1.77,3293.977,3290.754,3237.579,3061018.9,3172466.58,2717303.32,0.7
443,2015/3/13,3359.488,3391.255,3372.911,3352.15,3284101.5,23.588,0.7,3320.322,3297.014,3252.429,3152007.6,3201713,2758133.56,2.27
442,2015/3/16,3391.158,3449.305,3449.305,3377.087,3991324.25,76.394,2.27,3349.701,3308.316,3270.138,3307281.55,3254399.75,2854645.58,1.55
441,2015/3/17,3469.603,3504.123,3502.847,3459.694,5209395,53.542,1.55,3393.057,3332.296,3288.201,3777525.4,3393294.63,3018206.76,2.13
440,2015/3/18,3510.501,3577.662,3577.301,3503.853,5452171.5,74.454,2.13,3450.337,3362.073,3309.181,4301988.65,3644872.25,3204395.28,0.14
439,2015/3/19,3576.019,3600.684,3582.271,3546.844,5373466,4.97,0.14,3496.927,3395.452,3329.623,4662091.65,3861555.28,3375772.43,0.98
438,2015/3/20,3587.084,3632.338,3617.318,3569.38,5166616.5,35.047,0.98,3545.808,3433.065,3350.298,5038594.65,4095301.13,3503458.04,1.95
437,2015/3/23,3640.104,3688.249,3687.728,3635.485,5360628.5,70.41,1.95,3593.493,3471.597,3373.566,5312455.5,4309868.53,3659590.75,0.1
436,2015/3/24,3692.569,3715.873,3691.41,3600.698,6395546.5,3.682,0.1,3631.206,3512.131,3395.791,5549685.8,4663605.6,3865201.76,-0.83
435,2015/3/25,3680.953,3693.151,3660.727,3634.559,5218863.5,-30.683,-0.83,3647.891,3549.114,3417.386,5503024.2,4902506.43,4009470.89,0.58
434,2015/3/26,3641.942,3707.318,3682.095,3615.011,4886472,21.368,0.58,3667.856,3582.391,3436.572,5405625.4,5033858.53,4103162.55,0.24
433,2015/3/27,3686.134,3710.477,3691.096,3656.831,4089451.75,9.001,0.24,3682.611,3614.21,3455.612,5190192.45,5114393.55,4158053.28,2.59
432,2015/3/30,3710.612,3795.935,3786.568,3710.612,5647023.5,95.472,2.59,3702.379,3647.936,3478.126,5247471.45,5279963.47,4267181.61,-1.02
431,2015/3/31,3822.987,3835.567,3747.899,3737.043,5616760.5,-38.669,-1.02,3713.677,3672.441,3502.369,5091714.25,5320700.03,4356997.33,1.67
430,2015/4/1,3748.34,3817.082,3810.294,3742.213,4474583,62.395,1.67,3743.59,3695.741,3528.907,4942858.15,5222941.18,4433906.71,0.41
429,2015/4/2,3827.689,3835.451,3825.784,3775.894,4792996.5,15.49,0.41,3772.328,3720.092,3557.772,4924163.05,5164894.22,4513224.75,1
428,2015/4/3,3803.383,3864.405,3863.929,3792.211,4730333,38.145,1,3806.895,3744.753,3588.909,5052339.3,5121265.88,4608283.5,2.52
427,2015/4/7,3899.42,3961.666,3961.378,3891.728,5704475.5,97.449,2.52,3841.857,3772.118,3621.858,5063829.7,5155650.58,4732759.55,0.84
426,2015/4/8,3976.532,4000.22,3994.811,3903.648,6180854,33.433,0.84,3891.239,3802.458,3657.295,5176648.4,5134181.33,4898893.46,-0.93
425,2015/4/9,4006.13,4016.396,3957.534,3900.027,5851768,-37.277,-0.93,3920.687,3832.139,3690.626,5452085.4,5197471.78,5049989.1,1.94
424,2015/4/10,3947.492,4040.348,4034.31,3929.319,4842836,76.776,1.94,3962.392,3867.36,3724.876,5462053.3,5193108.18,5113483.35,2.17
423,2015/4/13,4072.723,4128.072,4121.715,4057.293,5898142.5,87.405,2.17,4013.95,3910.422,3762.316,5695615.2,5373977.25,5244185.4,0.34
422,2015/4/14,4125.782,4168.346,4135.565,4091.257,6106835.5,13.85,0.34,4048.787,3945.322,3796.629,5776087.2,5419958.45,5349960.96,-1.24
421,2015/4/15,4135.648,4175.494,4084.163,4069.007,6130058,-51.402,-1.24,4066.657,3978.948,3825.695,5765928,5471288.2,5395994.11,2.71
420,2015/4/16,4055.916,4195.305,4194.823,4031.244,5512429.5,110.66,2.71,4114.115,4017.401,3856.571,5698060.3,5575072.85,5399007.01,2.2
419,2015/4/17,4254.723,4317.223,4287.296,4238.91,7017062,92.473,2.2,4164.712,4063.552,3891.822,6132905.5,5797479.4,5481186.81,-1.64
418,2015/4/20,4301.352,4356.001,4217.077,4190.681,8571328,-70.219,-1.64,4183.785,4098.867,3921.81,6667542.6,6181578.9,5651422.39,1.81
417,2015/4/21,4212.185,4294.375,4293.623,4188.569,6344706.5,76.546,1.81,4215.396,4132.092,3952.105,6715116.8,6245602,5700626.29,2.44
416,2015/4/22,4304.597,4400.193,4398.494,4297.951,6803051,104.871,2.44,4278.263,4172.46,3987.459,6849715.4,6307821.7,5721001.51,0.36
415,2015/4/23,4414.485,4444.41,4414.508,4358.844,6673446.5,16.014,0.36,4322.2,4218.157,4025.148,7081918.8,6389989.55,5793730.66,-0.47
414,2015/4/24,4355.951,4416.376,4393.686,4318.119,6285550,-20.822,-0.47,4343.478,4254.095,4060.728,6935616.4,6534260.95,5863684.56,3.04
413,2015/4/27,4441.929,4529.735,4527.396,4441.929,6710885,133.71,3.04,4405.541,4294.663,4102.543,6563527.8,6615535.2,5994756.23,-1.13
412,2015/4/28,4527.635,4572.391,4476.215,4432.904,7676764,-51.181,-1.13,4442.06,4328.728,4137.025,6829939.3,6772528.05,6096243.25,0.01
411,2015/4/29,4446.119,4499.945,4476.62,4398.639,5198342,0.405,0.01,4457.685,4367.974,4173.461,6508997.5,6679356.45,6075322.33,-0.78
410,2015/4/30,4483.013,4507.344,4441.655,4441.054,5267280,-34.965,-0.78,4463.114,4392.657,4205.029,6227764.2,6654841.5,6114957.18,0.87
409,2015/5/4,4441.343,4487.57,4480.464,4387.426,4941734,38.809,0.87,4480.47,4411.974,4237.763,5959001,6447308.7,6122394.05,-4.06
408,2015/5/5,4479.848,4488.865,4298.706,4282.237,5728586,-181.758,-4.06,4434.732,4420.137,4259.502,5762541.2,6163034.5,6172306.7,-1.61
407,2015/5/6,4311.641,4376.353,4229.266,4187.368,4817330,-69.44,-1.61,4385.342,4413.701,4272.896,5190654.4,6010296.85,6127949.43,-2.77
406,2015/5/7,4197.896,4213.764,4112.214,4108.009,3945666.5,-117.052,-2.77,4312.461,4385.073,4278.767,4940119.3,5724558.4,6016190.05,2.28
405,2015/5/8,4152.984,4206.86,4205.917,4099.042,3974281,93.703,2.28,4265.313,4364.214,4291.186,4681519.5,5454641.85,5922315.7,3.04
404,2015/5/11,4231.271,4334.877,4333.584,4187.82,4887505,127.667,3.04,4235.937,4358.204,4306.149,4670673.7,5314837.35,5924549.15,1.56
403,2015/5/12,4342.37,4402.309,4401.219,4317.975,5218664,67.635,1.56,4256.44,4345.586,4320.125,4568689.3,5165615.25,5890575.23,-0.58
402,2015/5/13,4402.378,4415.629,4375.76,4342.481,5104905,-25.459,-0.58,4285.739,4335.541,4332.134,4626204.3,4908429.35,5840478.7,0.06
401,2015/5/14,4372.816,4397.745,4378.311,4329.042,4490779.5,2.551,0.06,4338.958,4325.71,4346.842,4735226.9,4837673.1,5758514.78,-1.59
400,2015/5/15,4366.822,4366.822,4308.691,4278.553,4397062,-69.62,-1.59,4359.513,4312.413,4352.535,4819783.1,4750651.3,5702746.4,-0.58
399,2015/5/18,4277.895,4324.826,4283.491,4260.509,3800574.5,-25.2,-0.58,4349.494,4292.716,4352.345,4602397,4636535.35,5541922.03,3.13
398,2015/5/19,4285.777,4418.403,4417.552,4285.777,4367352,134.061,3.13,4352.761,4304.601,4362.369,4432134.6,4500411.95,5331723.22,0.65
397,2015/5/20,4434.979,4520.538,4446.288,4432.279,5141062,28.736,0.65,4366.867,4326.303,4370.002,4439366,4532785.15,5271541,1.87
396,2015/5/21,4456.435,4530.478,4529.422,4438.258,4649965,83.134,1.87,4397.089,4368.024,4376.548,4471203.1,4603215,5163886.7,2.83
395,2015/5/22,4584.984,4658.273,4657.596,4562.989,6555913,128.174,2.83,4466.87,4413.191,4388.703,4902973.3,4861378.2,5158010.03,3.35
394,2015/5/25,4660.075,4814.672,4813.798,4656.825,6824614,156.202,3.35,4572.931,4461.213,4409.708,5507781.2,5055089.1,5184963.22,2.02
393,2015/5/26,4854.85,4911.685,4910.897,4779.075,7048928.5,97.099,2.02,4671.6,4512.181,4428.883,6044096.5,5238115.55,5201865.4,0.63
392,2015/5/27,4932.846,4958.156,4941.714,4857.056,6811654,30.817,0.63,4770.685,4568.776,4452.158,6378214.9,5408790.45,5158609.9,-6.5
391,2015/5/28,4943.742,4986.503,4620.266,4614.241,7829646,-321.448,-6.5,4788.854,4592.972,4459.341,7014151.1,5742677.1,5290175.1,-0.18
390,2015/5/29,4603.465,4698.193,4611.744,4431.563,6112624,-8.522,-0.18,4779.684,4623.277,4467.845,6925493.3,5914233.3,5332442.3,4.71
389,2015/6/1,4633.098,4829.502,4828.738,4615.231,5933890.5,216.994,4.71,4782.672,4677.802,4485.259,6747348.6,6127564.9,5382050.13,1.69
388,2015/6/2,4844.704,4911.574,4910.527,4797.552,6237481,81.789,1.69,4782.598,4727.099,4515.85,6585059.1,6314577.8,5407494.88,-0.01
387,2015/6/3,4924.381,4942.065,4909.978,4822.442,6114538.5,-0.549,-0.01,4776.251,4773.468,4549.885,6445636,6411925.45,5472355.3,0.76
386,2015/6/4,4912.945,4947.965,4947.102,4647.407,6749524,37.124,0.76,4841.618,4815.236,4591.63,6229611.6,6621881.35,5612548.18,1.54
385,2015/6/5,5016.088,5051.626,5023.096,4898.068,7722408,75.994,1.54,4923.888,4851.786,4632.489,6551568.4,6738530.85,5799954.53,2.17
384,2015/6/8,5045.694,5146.949,5131.881,4997.481,8550351,108.785,2.17,4984.517,4883.594,4672.404,7074860.5,6911104.55,5983096.83,-0.36
383,2015/6/9,5145.978,5147.454,5113.534,5042.963,7298938,-18.347,-0.36,5025.118,4903.858,4708.019,7287151.9,6936105.5,6087110.53,-0.15
382,2015/6/10,5049.197,5164.162,5106.036,5001.489,5969690,-7.498,-0.15,5064.33,4920.29,4744.533,7258182.2,6851909.1,6130349.78,0.3
381,2015/6/11,5101.44,5122.457,5121.593,5050.765,5639905,15.557,0.3,5099.228,4970.423,4781.697,7036258.4,6632935,6187806.05,0.87
380,2015/6/12,5143.343,5178.191,5166.35,5103.401,6256278.5,44.757,0.87,5127.879,5025.884,4824.58,6743032.5,6647300.45,6280766.88,-2
379,2015/6/15,5174.418,5176.795,5062.993,5048.742,6378040,-103.357,-2,5114.101,5049.309,4863.555,6308570.3,6691715.4,6409640.15,-3.47
378,2015/6/16,5004.41,5029.68,4887.43,4842.1,5508014,-175.56,-3.47,5068.88,5046.999,4887.049,5950385.5,6618768.7,6466673.25,1.65
377,2015/6/17,4890.55,4983.66,4967.9,4767.22,5371011.5,80.47,1.65,5041.253,5052.792,4913.13,5830649.8,6544416,6478170.73,-3.67
376,2015/6/18,4942.52,4966.77,4785.36,4780.87,5074409,-182.54,-3.67,4974.007,5036.617,4925.927,5717550.6,6376904.5,6499392.93,-6.42
375,2015/6/19,4689.93,4744.08,4478.36,4476.5,4526896.5,-307,-6.42,4836.409,4982.144,4916.965,5371674.2,6057353.35,6397942.1,2.19
374,2015/6/23,4471.61,4577.94,4576.49,4264.77,4735261.5,98.13,2.19,4739.108,4926.605,4905.099,5043118.5,5675844.4,6293474.48,2.48
373,2015/6/24,4604.58,4691.77,4690.15,4552.13,5430037,113.66,2.48,4699.652,4884.266,4894.062,5027523.1,5488954.3,6212529.9,-3.46
372,2015/6/25,4711.76,4720.7,4527.78,4483.55,5727975.5,-162.37,-3.46,4611.628,4826.441,4873.365,5098915.9,5464782.85,6158345.98,-7.4
371,2015/6/26,4399.93,4456.9,4192.87,4139.53,5652178.5,-334.91,-7.4,4493.13,4733.568,4851.996,5214469.8,5466010.2,6049472.6,-3.33
370,2015/6/29,4289.77,4297.47,4053.03,3875.05,6737863.5,-139.84,-3.33,4408.064,4622.236,4824.06,5656663.2,5514168.7,6080734.58,5.53
369,2015/6/30,4006.75,4279.97,4277.22,3847.88,7091766.5,224.19,5.53,4348.21,4543.659,4796.484,6127964.2,5585541.35,6138628.38,-5.23
368,2015/7/1,4214.15,4317.05,4053.7,4043.37,5987694.5,-223.52,-5.23,4220.92,4460.286,4753.643,6239495.7,5633509.4,6126139.05,-3.48
367,2015/7/2,4058.62,4080.39,3912.77,3795.25,5860156,-140.93,-3.48,4097.918,4354.773,4703.782,6265931.8,5682423.85,6113419.93,-5.77
366,2015/7/3,3793.71,3927.13,3686.92,3629.56,5481631,-225.85,-5.77,3996.728,4244.929,4640.773,6231822.3,5723146.05,6050025.28,2.41
365,2015/7/6,3975.21,3975.21,3775.91,3653.04,8311393,88.99,2.41,3941.304,4174.684,4578.414,6546528.2,6101595.7,6079474.53,-1.29
364,2015/7/7,3654.78,3750.57,3727.12,3585.4,6988187,-48.79,-1.29,3831.284,4089.747,4508.176,6525812.3,6326888.25,6001366.33,-5.9
363,2015/7/8,3467.4,3599.25,3507.19,3421.53,6803569,-219.93,-5.9,3721.982,3971.451,4427.859,6688987.2,6464241.45,5976597.88,5.76
362,2015/7/9,3432.45,3748.48,3709.33,3373.54,6569146,202.14,5.76,3681.294,3889.606,4358.023,6830785.2,6548358.5,6006570.68,4.54
361,2015/7/10,3707.46,3959.22,3877.8,3677.43,5863642.5,168.47,4.54,3719.47,3858.099,4295.834,6907187.5,6569504.9,6017757.55,2.39
360,2015/7/13,3918.99,4030.19,3970.39,3858.64,6434890,92.59,2.39,3758.366,3849.835,4236.036,6531886.9,6539207.55,6026688.13,-1.16
359,2015/7/14,3958.37,4035.43,3924.49,3855.56,6705588,-45.9,-1.16,3797.84,3814.562,4179.111,6475367.1,6500589.7,6043065.53,-3.03
358,2015/7/15,3874.97,3914.27,3805.7,3741.25,6013013,-118.79,-3.03,3857.542,3789.762,4125.024,6317255.9,6503121.55,6068315.48,0.46
357,2015/7/16,3758.5,3877.51,3823.18,3688.44,4922562,17.48,0.46,3880.312,3780.803,4067.788,5987939.1,6409362.15,6045893,3.51
356,2015/7/17,3831.42,3994.48,3957.35,3814.15,4817262.5,134.17,3.51,3896.222,3807.846,4026.387,5778663.1,6342925.3,6033035.68,0.88
355,2015/7/20,3948.42,4021.33,3992.11,3927.12,5391067,34.76,0.88,3900.566,3829.466,4002.075,5569898.5,6050892.7,6076244.2,0.64
354,2015/7/21,3939.9,4041.82,4017.67,3912.8,5042880.5,25.56,0.64,3919.202,3858.521,3974.134,5237357,5856362.05,6091625.15,0.21
353,2015/7/22,3996.43,4042.34,4026.05,3960.86,5207322,8.38,0.21,3963.272,3910.407,3940.929,5076218.8,5696737.35,6080489.4,2.43
352,2015/7/23,4022.27,4132.61,4123.92,4019.04,5635859.5,97.87,2.43,4023.42,3951.866,3920.736,5218878.3,5603408.7,6075883.6,-1.28
351,2015/7/24,4124.75,4184.45,4070.91,4044.83,6274248.5,-53.01,-1.28,4046.132,3971.177,3914.638,5510275.5,5644469.3,6106987.1,-8.48
350,2015/7/27,3985.57,4051.16,3725.56,3720.44,5560032.5,-345.35,-8.48,3992.822,3946.694,3898.265,5544068.6,5556983.55,6048095.55,-1.68
349,2015/7/28,3573.14,3762.53,3663,3537.36,5633300.5,-62.56,-1.68,3921.888,3920.545,3867.554,5662152.6,5449754.8,5975172.25,3.44
348,2015/7/29,3689.82,3792.07,3789.17,3612.06,4343521,126.17,3.44,3874.512,3918.892,3854.327,5489392.4,5282805.6,5892963.58,-2.2
347,2015/7/30,3773.79,3844.37,3705.77,3685.96,4579432.5,-83.4,-2.2,3790.882,3907.151,3843.977,5278107,5248492.65,5828927.4,-1.13
346,2015/7/31,3655.67,3729.51,3663.73,3620.17,3509557.5,-42.04,-1.13,3709.446,3877.789,3842.817,4725168.8,5117722.15,5730323.73,-1.11
345,2015/8/3,3614.99,3648.94,3622.91,3549.5,3639687.25,-40.82,-1.11,3688.916,3840.869,3835.167,4341099.75,4942584.18,5496738.44,3.69
344,2015/8/4,3621.85,3757.03,3756.54,3601.29,3629016.75,133.63,3.69,3707.624,3814.756,3836.639,3940243,4801197.8,5328779.93,-1.65
343,2015/8/5,3745.65,3782.35,3694.57,3676.39,3664229.75,-61.97,-1.65,3688.704,3781.608,3846.008,3804384.75,4646888.58,5171812.96,-0.89
342,2015/8/6,3625.5,3710.57,3661.54,3614.74,2740746.75,-33.03,-0.89,3679.858,3735.37,3843.618,3436647.6,4357377.3,4980393,2.26
341,2015/8/7,3692.61,3756.74,3744.2,3686.3,3407571.75,82.66,2.26,3695.952,3702.699,3836.938,3416250.45,4070709.63,4857589.46,4.92
340,2015/8/10,3786.03,3943.62,3928.42,3775.85,4973043,184.22,4.92,3757.054,3722.985,3834.839,3682921.6,4012010.68,4784497.11,-0.01
339,2015/8/11,3928.81,3970.34,3927.91,3891.18,5389234.5,-0.51,-0.01,3791.328,3749.476,3835.01,4034965.15,3987604.08,4718679.44,-1.06
338,2015/8/12,3881.23,3937.77,3886.32,3871.14,4426883,-41.59,-1.06,3829.678,3759.191,3839.041,4187495.8,3995940.28,4639372.94,1.76
337,2015/8/13,3869.91,3955.79,3954.56,3838.16,4300733,68.24,1.76,3888.282,3784.07,3845.611,4499493.05,3968070.33,4608281.49,0.27
336,2015/8/14,3976.41,4000.68,3965.33,3939.84,4679882,10.77,0.27,3932.508,3814.23,3846.01,4753955.1,4085102.78,4601412.46,0.71
335,2015/8/17,3947.84,3994.54,3993.67,3907.4,4604320.5,28.34,0.71,3945.558,3851.306,3846.088,4680210.6,4181566.1,4562075.14,-6.15
334,2015/8/18,3999.13,4006.34,3748.16,3743.39,5437708,-245.51,-6.15,3909.608,3850.468,3832.612,4689905.3,4362435.22,4581816.51,1.23
333,2015/8/19,3646.8,3811.43,3794.11,3558.38,4753962.5,45.95,1.23,3891.166,3860.422,3821.015,4755321.2,4471408.5,4559148.54,-3.42
332,2015/8/20,3754.57,3788.01,3664.29,3663.61,3900630.5,-129.82,-3.42,3833.112,3860.697,3798.034,4675300.7,4587396.88,4472387.09,-4.27
331,2015/8/21,3609.96,3652.84,3507.74,3490.54,3699204.75,-156.55,-4.27,3741.594,3837.051,3769.875,4479165.25,4616560.18,4343634.9,-8.49
330,2015/8/24,3373.48,3388.36,3209.91,3191.88,3346718,-297.83,-8.49,3584.842,3765.2,3744.092,4227644.75,4453927.68,4232969.18,-7.63
329,2015/8/25,3004.13,3123.03,2964.97,2947.94,3523251,-244.94,-7.63,3428.204,3668.906,3709.191,3844753.35,4267329.33,4127466.7,-1.27
328,2015/8/26,2980.79,3092.04,2927.29,2850.71,4666996.5,-37.68,-1.27,3254.84,3573.003,3666.097,3827360.15,4291340.68,4143640.48,5.34
327,2015/8/27,2978.03,3085.42,3083.59,2906.49,4003084,156.3,5.34,3138.7,3485.906,3634.988,3847850.85,4261575.78,4114823.05,4.82
326,2015/8/28,3125.26,3235.84,3232.35,3102.95,4431369.5,148.76,4.82,3083.622,3412.608,3613.419,3994283.8,4236724.53,4160913.65,-0.82
325,2015/8/31,3203.56,3207.86,3205.99,3109.16,3974313.75,-26.36,-0.82,3082.838,3333.84,3592.573,4119802.95,4173723.85,4177644.98,-1.23
324,2015/9/1,3157.83,3180.33,3166.62,3053.74,4324324.5,-39.37,-1.23,3123.168,3275.686,3563.077,4280017.65,4062385.5,4212410.36,-0.2
323,2015/9/2,3027.68,3194.48,3160.17,3019.09,4381701.5,-6.45,-0.2,3169.744,3212.292,3536.357,4222958.65,4025159.4,4248283.95,-2.52
322,2015/9/7,3149.38,3217.58,3080.42,3066.3,2964681.25,-79.75,-2.52,3169.11,3153.905,3507.301,4015278.1,3931564.48,4259480.68,2.92
321,2015/9/8,3054.44,3174.71,3170.45,3011.12,2554154.75,90.03,2.92,3156.73,3120.176,3478.613,3639835.15,3817059.48,4216809.83,2.29
320,2015/9/9,3182.55,3256.74,3243.09,3165.7,3753279.75,72.64,2.29,3164.15,3123.494,3444.347,3595628.35,3857715.65,4155821.66,-1.39
319,2015/9/10,3190.55,3243.28,3197.89,3178.9,2732617.5,-45.2,-1.39,3170.404,3146.786,3407.846,3277286.95,3778652.3,4022990.81,0.07
318,2015/9/11,3189.48,3223.76,3200.23,3163.45,2245578.25,2.34,0.07,3178.416,3174.08,3373.542,2850062.3,3536510.48,3913925.58,-2.67
317,2015/9/14,3221.17,3229.48,3114.8,3049.23,3466311.5,-85.43,-2.67,3185.292,3177.201,3331.553,2950388.35,3482833.23,3872204.5,-3.52
316,2015/9/15,3043.8,3081.7,3005.17,2983.92,2491944.5,-109.63,-3.52,3152.236,3154.483,3283.546,2937946.3,3288890.73,3762807.63,4.89
315,2015/9/16,2998.04,3182.93,3152.26,2983.54,2775245.25,147.09,4.89,3134.07,3149.11,3241.475,2742339.4,3168983.88,3671353.86,-2.1
314,2015/9/17,3131.98,3204.7,3086.06,3085.31,3176029,-66.2,-2.1,3111.704,3141.054,3208.37,2831021.7,3054154.33,3558269.91,0.38
313,2015/9/18,3100.28,3122.05,3097.92,3070.34,2091754,11.86,0.38,3091.242,3134.829,3173.56,2800256.85,2825159.58,3425159.49,1.89
312,2015/9/21,3072.09,3159.88,3156.54,3060.86,2398973.5,58.62,1.89,3099.59,3142.441,3148.173,2586789.25,2768588.8,3350076.64,0.92
311,2015/9/22,3161.32,3213.48,3185.62,3152.48,2747861.5,29.08,0.92,3135.68,3143.958,3132.067,2637972.65,2787959.48,3302509.48,-2.19
310,2015/9/23,3137.72,3164.04,3115.89,3104.74,2363226.75,-69.73,-2.19,3128.406,3131.238,3127.366,2555568.95,2648954.17,3253334.91,0.86
309,2015/9/24,3126.49,3151.16,3142.69,3109.69,2128877.25,26.8,0.86,3139.732,3125.718,3136.252,2346138.6,2588580.15,3183616.23,-1.6
308,2015/9/25,3130.85,3149.95,3092.35,3063,2362638.75,-50.34,-1.6,3138.618,3114.93,3144.505,2400315.55,2600286.2,3068398.34,0.27
307,2015/9/28,3085.57,3103.07,3100.76,3042.31,1567275.25,8.41,0.27,3127.462,3113.526,3145.364,2233975.9,2410382.58,2946607.9,-2.02
306,2015/9/29,3055.22,3068.3,3038.14,3021.16,1632226.75,-62.62,-2.02,3097.966,3116.823,3135.653,2010848.95,2324410.8,2806650.76,0.48
305,2015/9/30,3052.84,3073.3,3052.78,3039.74,1466424.5,14.64,0.48,3085.344,3106.875,3127.993,1831488.5,2193528.73,2681256.3,2.97
304,2015/10/8,3156.07,3172.28,3143.36,3133.13,2342760.5,90.58,2.97,3085.478,3112.605,3126.83,1874265.15,2110201.88,2582178.1,1.27
303,2015/10/9,3146.64,3192.72,3183.15,3137.79,2348514.5,39.79,1.27,3103.638,3121.128,3127.978,1871440.3,2135877.92,2480518.75,3.28
302,2015/10/12,3193.54,3318.71,3287.66,3188.41,3862947.25,104.51,3.28,3141.018,3134.24,3138.341,2330574.7,2282275.3,2525432.05,0.17
301,2015/10/13,3262.16,3298.63,3293.23,3253.25,2971531.25,5.57,0.17,3192.036,3145.001,3144.48,2598435.6,2304642.28,2546300.88,-0.94
300,2015/10/14,3280.02,3307.32,3262.44,3256.25,2950777.5,-30.79,-0.94,3233.968,3159.656,3145.447,2895306.2,2363397.35,2506175.76,2.32
299,2015/10/15,3255.03,3338.3,3338.07,3254.39,3162838.5,75.63,2.32,3272.91,3179.194,3152.456,3059321.8,2466793.48,2527686.81,1.6
298,2015/10/16,3358.3,3393.02,3391.35,3334.85,3954605.75,53.28,1.6,3314.55,3209.094,3162.012,3380540.05,2625990.17,2613138.19,-0.14
297,2015/10/19,3401.63,3423.4,3386.7,3355.57,3781121.75,-4.65,-0.14,3334.358,3237.688,3175.607,3364174.95,2847374.83,2628878.7,1.14
296,2015/10/20,3377.55,3425.52,3425.33,3357.86,3189737.5,38.63,1.14,3360.778,3276.407,3196.615,3407816.2,3003125.9,2663768.35,-3.06
295,2015/10/21,3428.56,3447.26,3320.68,3265.44,4584554.5,-104.65,-3.06,3372.426,3303.197,3205.036,3734571.6,3314938.9,2754233.81,1.45
294,2015/10/22,3292.29,3373.78,3368.74,3282.99,3237393.5,48.06,1.45,3378.56,3325.735,3219.17,3749482.6,3404402.2,2757302.04,1.3
293,2015/10/23,3377.55,3422.02,3412.43,3360.22,3473728.5,43.69,1.3,3382.776,3348.663,3234.896,3653307.15,3516923.6,2826400.76,0.5
292,2015/10/26,3448.65,3457.52,3429.58,3402,3655608.5,17.15,0.5,3391.352,3362.855,3248.548,3628204.5,3496189.73,2889232.51,0.14
291,2015/10/27,3409.14,3441.57,3434.34,3332.62,3281727.75,4.76,0.14,3393.154,3376.966,3260.984,3646602.55,3527209.38,2915925.83,-1.72
290,2015/10/28,3417.01,3439.76,3375.2,3367.23,2935232.75,-59.14,-1.72,3404.058,3388.242,3273.949,3316738.2,3525654.9,2944526.13,0.36
289,2015/10/29,3387.77,3411.71,3387.32,3362.51,2356760.25,12.12,0.36,3407.774,3393.167,3286.181,3140611.55,3445047.08,2955920.28,-0.14
288,2015/10/30,3380.28,3417.2,3382.56,3346.59,2435951.25,-4.76,-0.14,3401.8,3392.288,3300.691,2933056.1,3293181.63,2959585.9,-1.7
287,2015/11/2,3337.58,3391.06,3325.08,3322.31,2309511.25,-57.48,-1.7,3380.9,3386.126,3311.907,2663836.65,3146020.58,2996697.7,-0.25
286,2015/11/3,3330.32,3346.27,3316.7,3302.18,1928974.25,-8.38,-0.25,3357.372,3375.263,3325.835,2393285.95,3019944.25,3011535.08,4.31
285,2015/11/4,3325.62,3459.65,3459.64,3325.62,3390787.25,142.94,4.31,3374.26,3389.159,3346.178,2484396.85,2900567.53,3107753.21,1.83
284,2015/11/5,3459.22,3585.66,3522.82,3455.53,5532549.5,63.18,1.83,3401.36,3404.567,3365.151,3119554.7,3130083.13,3267242.66,1.91
283,2015/11/6,3514.44,3596.38,3590.03,3508.83,4291670.5,67.21,1.91,3442.854,3422.327,3385.495,3490698.55,3211877.33,3364400.46,1.58
282,2015/11/9,3588.5,3673.76,3646.88,3588.5,5030167,56.85,1.58,3507.214,3444.057,3403.456,4034829.7,3349333.18,3422761.45,-0.17
281,2015/11/10,3617.4,3669.53,3640.49,3607.89,4297466,-6.39,-0.17,3571.972,3464.672,3420.819,4508528.05,3450907,3489058.19,0.27
280,2015/11/11,3635,3654.88,3650.25,3605.62,3609726.5,9.76,0.27,3610.094,3492.177,3440.21,4552315.9,3518356.38,3522005.64,-0.47
279,2015/11/12,3656.82,3659.31,3632.9,3603.23,3617176,-17.35,-0.47,3632.11,3516.735,3454.951,4169241.2,3644397.95,3544722.51,-1.43
278,2015/11/13,3600.76,3632.56,3580.84,3564.81,3458709.25,-52.06,-1.43,3630.272,3536.563,3464.425,4002648.95,3746673.75,3519927.69,0.73
277,2015/11/16,3522.46,3607.61,3606.96,3519.42,2761870.5,26.12,0.73,3622.288,3564.751,3475.438,3548989.65,3791909.68,3468965.13,-0.06
276,2015/11/17,3629.98,3678.27,3604.8,3598.07,3835754.75,-2.16,-0.06,3615.15,3593.561,3484.412,3456647.4,3982587.73,3501265.99,-1.01
275,2015/11/18,3605.06,3617.07,3568.47,3558.7,2975807.25,-36.33,-1.01,3598.794,3604.444,3496.802,3329863.55,3941089.73,3420828.63,1.36
274,2015/11/19,3573.78,3618.21,3617.06,3561.04,2479155.75,48.59,1.36,3595.626,3613.868,3509.217,3102259.5,3635750.35,3382916.74,0.37
273,2015/11/20,3620.79,3640.53,3630.5,3607.92,3108019.75,13.44,0.37,3605.558,3617.915,3520.121,3032121.6,3517385.28,3364631.3,-0.56
272,2015/11/23,3630.87,3654.75,3610.31,3598.87,3159974.75,-20.19,-0.56,3606.228,3614.258,3529.158,3111742.45,3330366.05,3339849.61,0.16
271,2015/11/24,3602.89,3616.48,3616.11,3563.1,2488105.25,5.79,0.16,3608.49,3611.82,3538.246,2842212.55,3149429.98,3300168.49,0.88
270,2015/11/25,3614.07,3648.37,3647.93,3607.52,2730248.5,31.82,0.88,3624.382,3611.588,3551.882,2793100.8,3061482.18,3289919.28,-0.34
269,2015/11/26,3659.57,3668.38,3635.55,3629.86,3067615.75,-12.38,-0.34,3628.08,3611.853,3564.294,2910792.8,3006526.15,3325462.05,-5.48
268,2015/11/27,3616.54,3621.9,3436.3,3412.43,3542875.25,-199.25,-5.48,3589.24,3597.399,3566.981,2997763.9,3014942.75,3380808.25,0.27
267,2015/11/30,3433.86,3470.37,3445.4,3327.81,3041979,9.1,0.27,3556.258,3581.243,3572.997,2974164.75,3042953.6,3417431.64,0.32
266,2015/12/1,3442.44,3483.41,3456.31,3417.55,2523907.5,10.91,0.32,3524.298,3566.394,3579.978,2981325.2,2911768.88,3447178.3,2.33
265,2015/12/2,3450.28,3538.85,3536.91,3427.66,3014914.75,80.6,2.33,3502.094,3563.238,3583.841,3038258.45,2915679.63,3428384.68,1.35
264,2015/12/3,3525.73,3591.73,3584.82,3517.23,2811112.5,47.91,1.35,3491.948,3560.014,3586.941,2986957.8,2948875.3,3292312.83,-1.67
263,2015/12/4,3558.15,3568.97,3524.99,3510.41,2517364,-59.83,-1.67,3509.686,3549.463,3583.689,2781855.55,2889809.73,3203597.5,0.34
262,2015/12/7,3529.81,3543.95,3536.93,3506.62,2083025.75,11.94,0.34,3527.992,3542.125,3578.192,2590064.9,2782114.83,3056240.44,-1.89
261,2015/12/8,3518.65,3518.65,3470.07,3466.79,2243673,-66.86,-1.89,3530.744,3527.521,3569.67,2534018,2757671.6,2953550.79,0.07
260,2015/12/9,3462.58,3495.7,3472.44,3454.88,1956988.5,2.37,0.07,3517.85,3509.972,3560.78,2322432.75,2680345.6,2870913.89,-0.49
259,2015/12/10,3469.81,3503.65,3455.5,3446.27,2004275.12,-16.94,-0.49,3491.986,3491.967,3551.91,2161065.27,2574011.54,2790268.84,-0.6
258,2015/12/11,3441.6,3455.55,3434.58,3410.92,1829088.75,-20.92,-0.6,3473.904,3491.795,3544.597,2023410.22,2402632.89,2708787.82,2.51
257,2015/12/14,3403.51,3521.78,3520.67,3399.28,2153746.25,86.09,2.51,3470.652,3499.322,3540.283,2037554.32,2313809.61,2678381.61,-0.29
256,2015/12/15,3518.13,3529.96,3510.35,3496.85,2004713.38,-10.32,-0.29,3478.708,3504.726,3535.56,1989762.4,2261890.2,2586829.54,0.17
255,2015/12/16,3522.09,3538.69,3516.19,3506.29,1934823.12,5.84,0.17,3487.458,3502.654,3532.946,1985329.32,2153881.04,2534780.33,1.81
254,2015/12/17,3533.63,3583.41,3580,3533.63,2838564.75,63.81,1.81,3512.358,3502.172,3531.093,2152187.25,2156626.26,2552750.78,-0.03
253,2015/12/18,3574.94,3614.7,3578.96,3568.16,2737079,-1.04,-0.03,3541.234,3507.569,3528.516,2333785.3,2178597.76,2534203.74,1.77
252,2015/12/21,3568.58,3651.06,3642.47,3565.75,2998492.75,63.51,1.77,3565.594,3518.123,3530.124,2502734.6,2270144.46,2526129.64,0.26
251,2015/12/22,3645.99,3652.63,3651.77,3616.87,2611787.75,9.3,0.26,3593.878,3536.293,3531.907,2624149.47,2306955.94,2532313.77,-0.43
250,2015/12/23,3653.28,3684.57,3636.09,3633.03,2982018,-15.68,-0.43,3617.858,3552.658,3531.315,2833588.45,2409458.89,2544902.24,-0.65
249,2015/12/24,3631.31,3640.22,3612.49,3572.28,2277852.25,-23.6,-0.65,3624.356,3568.357,3530.162,2721445.95,2436816.6,2505414.07,0.43
248,2015/12/25,3614.05,3635.26,3627.91,3601.74,1984511.12,15.42,0.43,3634.146,3587.69,3539.742,2570932.37,2452358.84,2427495.86,-2.6
247,2015/12/28,3635.77,3641.59,3533.78,3533.78,2699832.75,-94.13,-2.6,3612.408,3589.001,3544.161,2511200.37,2506967.49,2410388.55,0.85
246,2015/12/29,3528.4,3564.17,3563.74,3515.52,1825519.25,29.96,0.85,3594.802,3594.34,3549.533,2353946.67,2489048.07,2375469.14,0.26
245,2015/12/30,3566.73,3573.68,3572.88,3538.11,1878896.12,9.14,0.26,3582.16,3600.009,3551.332,2133322.3,2483455.37,2318668.21,-0.94
244,2015/12/31,3570.47,3580.6,3539.18,3538.35,1769636.62,-33.7,-0.94,3567.498,3595.927,3549.05,2031679.17,2376562.56,2266594.41,-6.86
243,2016/1/4,3536.59,3538.69,3296.26,3295.74,1844184.25,-242.92,-6.86,3501.168,3567.657,3537.613,2003613.8,2287273.09,2232935.42,-0.26
242,2016/1/5,3196.65,3328.14,3287.71,3189.6,2668820.75,-8.55,-0.26,3451.954,3532.181,3525.152,1997411.4,2254305.89,2262225.17,2.25
241,2016/1/6,3291.19,3362.97,3361.84,3288.93,2388866.75,74.13,2.25,3411.574,3503.188,3519.741,2110080.9,2232013.79,2269484.86,-7.04
240,2016/1/7,3309.66,3309.66,3125,3115.89,705691.25,-236.84,-7.04,3321.998,3452.079,3502.368,1875439.92,2004381.11,2206920,1.97
239,2016/1/8,3194.63,3235.45,3186.41,3056.88,2864408.25,61.41,1.97,3251.444,3409.471,3488.914,2094394.25,2063036.71,2249926.66,-5.33
238,2016/1/11,3131.85,3166.22,3016.7,3016.7,2716437,-169.71,-5.33,3195.532,3348.35,3468.02,2268844.8,2136229.3,2294294.07,0.2
237,2016/1/12,3026.16,3047.66,3022.86,2978.46,2076596.25,6.16,0.2,3142.562,3297.258,3443.13,2150399.9,2073905.65,2290436.57,-2.42
236,2016/1/13,3041.11,3059.01,2949.6,2949.29,1942821,-73.26,-2.42,3060.114,3235.844,3415.092,2061190.75,2085635.82,2287341.95,1.97
235,2016/1/14,2874.05,3012.29,3007.65,2867.55,2129056.5,58.05,1.97,3036.644,3179.321,3389.665,2345863.8,2110651.86,2297053.62,-3.55
234,2016/1/15,2988.05,3001.71,2900.97,2883.87,1987217,-106.68,-3.55,2979.556,3115.5,3355.713,2170425.55,2132409.9,2254486.23,0.44
233,2016/1/18,2847.54,2945.45,2913.84,2844.7,1646997,12.87,0.44,2958.984,3077.258,3322.457,1956537.55,2112691.17,2199982.13,3.22
232,2016/1/19,2914.41,3012.07,3007.74,2906.4,2052797,93.9,3.22,2955.96,3049.261,3290.721,1951777.7,2051088.8,2152697.34,-1.03
231,2016/1/20,2993.01,3016.28,2976.69,2951.92,2165054.75,-31.05,-1.03,2961.378,3010.746,3256.967,1996224.45,2028707.6,2130360.69,-3.23
230,2016/1/21,2934.39,2998.79,2880.48,2880.08,1916756.62,-96.21,-3.23,2935.944,2986.294,3219.186,1953764.47,2149814.14,2077097.62,1.25
229,2016/1/22,2911.11,2931.36,2916.56,2851.73,1598107.38,36.08,1.25,2939.062,2959.309,3184.39,1875942.55,2023184.05,2043110.38,0.75
228,2016/1/25,2934.08,2955.78,2938.51,2911.83,1530390.62,21.95,0.75,2943.996,2951.49,3149.92,1852621.27,1904579.41,2020404.36,-6.42
227,2016/1/26,2907.72,2911.99,2749.79,2743.84,2108360.5,-188.72,-6.42,2892.406,2924.183,3110.721,1863733.97,1907755.84,1990830.74,-0.52
226,2016/1/27,2756.08,2768.77,2735.56,2638.3,2157220.5,-14.23,-0.52,2844.18,2902.779,3069.312,1862167.12,1929195.79,2007415.81,-2.92
225,2016/1/28,2711.16,2740.54,2655.66,2647.49,1711202.75,-79.9,-2.92,2799.216,2867.58,3023.451,1821056.35,1887410.41,1999031.14,3.08
224,2016/1/29,2652.85,2755.37,2737.6,2649.79,1866731,81.94,3.08,2763.424,2851.243,2983.371,1874781.07,1875361.81,2003885.86,-1.78
223,2016/2/1,2730.98,2735.26,2688.85,2655.62,1563837.5,-48.75,-1.78,2713.492,2828.744,2953.001,1881470.45,1867045.86,1989868.52,2.26
222,2016/2/2,2687.98,2755.16,2749.57,2687.98,1580782.12,60.72,2.26,2713.448,2802.927,2926.094,1775954.77,1819844.37,1935466.59,-0.38
221,2016/2/3,2719.57,2746.07,2739.25,2696.88,1483972.12,-10.32,-0.38,2714.186,2779.183,2894.965,1641305.1,1751736.11,1890221.86,1.52
220,2016/2/4,2751.43,2793.3,2781.02,2751.31,1703820.12,41.77,1.52,2739.258,2769.237,2877.766,1639828.57,1730442.46,1940128.3,-0.63
219,2016/2/5,2783.08,2790.06,2763.49,2762.16,1411862.88,-17.53,-0.63,2744.436,2753.93,2856.62,1548854.95,1711818.01,1867501.03,-0.63
218,2016/2/15,2684.96,2760.36,2746.2,2682.09,1292639.38,-17.29,-0.63,2755.906,2734.699,2843.095,1494615.32,1688042.89,1796311.15,3.29
217,2016/2/16,2758.58,2840.62,2836.57,2758.58,1959616.12,90.37,3.29,2773.306,2743.377,2833.78,1570382.12,1673168.45,1790462.14,1.08
216,2016/2/17,2829.76,2868.7,2867.34,2824.36,2169099.25,30.77,1.08,2798.924,2756.555,2829.667,1707407.55,1674356.32,1801776.06,-0.15
215,2016/2/18,2881.78,2893.21,2862.89,2857.7,2192038.75,-4.45,-0.15,2815.298,2777.278,2822.429,1805051.28,1722439.92,1804925.17,-0.1
214,2016/2/19,2854.9,2872.72,2860.02,2840.49,1633914.12,-2.87,-0.1,2834.604,2789.52,2820.382,1849461.52,1699158.24,1787260.02,2.35
213,2016/2/22,2888.6,2933.96,2927.18,2880.35,2321760.5,67.16,2.35,2870.8,2813.353,2821.049,2055285.75,1774950.54,1820998.2,-0.81
212,2016/2/23,2925.71,2928.05,2903.33,2872.28,1997406.62,-23.85,-0.81,2884.152,2828.729,2815.828,2062843.85,1816612.99,1818228.68,0.88
211,2016/2/24,2889.88,2929.87,2928.9,2872.27,2134103.75,25.57,0.88,2896.464,2847.694,2813.438,2055844.75,1881626.15,1816681.13,-6.41
210,2016/2/25,2922.24,2922.24,2741.25,2729.85,2702844.25,-187.65,-6.41,2872.136,2843.717,2806.477,2158005.85,1981528.56,1855985.51,0.95
209,2016/2/26,2760.06,2784.75,2767.21,2715.87,1911104.75,25.96,0.95,2853.574,2844.089,2799.009,2213443.97,2031452.75,1871635.38,-2.86
208,2016/2/29,2754.81,2755.89,2687.98,2638.96,2074107.12,-79.23,-2.86,2805.734,2838.267,2786.483,2163913.3,2109599.52,1898821.21,1.68
207,2016/3/1,2688.38,2747.56,2733.17,2668.76,1872074.38,45.19,1.68,2771.702,2827.927,2785.652,2138846.85,2100845.35,1887006.9,4.26
206,2016/3/2,2733.77,2852.7,2849.68,2732.54,2709617.75,116.51,4.26,2755.858,2826.161,2791.358,2253949.65,2154897.2,1914626.76,0.35
205,2016/3/3,2847.33,2878.45,2859.76,2840.87,2874782,10.08,0.35,2779.56,2825.848,2801.563,2288337.2,2223171.52,1972805.72,0.5
204,2016/3/4,2848.54,2880.37,2874.15,2808.85,3124951.75,14.39,0.5,2800.948,2827.261,2808.39,2531106.6,2372275.29,2035716.76,0.81
203,2016/3/7,2886.64,2911.84,2897.34,2871.35,2174668.25,23.19,0.81,2842.82,2824.277,2818.815,2551218.83,2357566.06,2066258.3,0.14
202,2016/3/8,2895.67,2902.62,2901.39,2802.56,2334826.5,4.05,0.14,2876.464,2824.083,2826.406,2643769.25,2391308.05,2103960.52,-1.34
201,2016/3/9,2839.41,2863.01,2862.56,2811.72,1833553.88,-38.83,-1.34,2879.04,2817.449,2832.571,2468556.48,2361253.06,2121439.61,-2.02
200,2016/3/10,2847.57,2863.18,2804.73,2803.48,1389794.62,-57.83,-2.02,2868.034,2823.797,2833.757,2171559,2229948.1,2105738.33,0.2
199,2016/3/11,2781.6,2815.61,2810.31,2772.55,1272475.5,5.58,0.2,2855.266,2828.107,2836.098,1801063.75,2166085.17,2098768.96,1.75
198,2016/3/14,2830.08,2889.82,2859.5,2823.03,1948160.25,49.19,1.75,2847.698,2845.259,2841.763,1755762.15,2153490.49,2131545.01,0.17
197,2016/3/15,2853.98,2865.79,2864.37,2819.79,1633866.62,4.87,0.17,2840.294,2858.379,2843.153,1615570.17,2129669.71,2115257.53,0.21
196,2016/3/16,2858.71,2881.53,2870.43,2854.19,1864925.38,6.06,0.21,2841.868,2860.454,2843.308,1621844.47,2045200.48,2100048.84,1.2
195,2016/3/17,2875.41,2921,2904.83,2857.19,2002902.12,34.4,1.2,2861.888,2864.961,2845.405,1744465.97,1958012.49,2090592.01,1.73
194,2016/3/18,2915.52,2971.55,2955.15,2908.74,3133327.25,50.32,1.73,2890.856,2873.061,2850.161,2116636.32,1958850.04,2165562.66,2.15
193,2016/3/21,2978.46,3028.32,3018.8,2973.76,3524004.5,63.65,2.15,2922.716,2885.207,2854.742,2431805.17,2093783.66,2225674.86,-0.64
192,2016/3/22,3001.63,3019.1,2999.36,2988.43,2703773.25,-19.44,-0.64,2949.714,2895.004,2859.544,2645786.5,2130678.34,2260993.19,0.35
191,2016/3/23,2991.17,3012.56,3009.96,2980.86,2169774.5,10.6,0.35,2977.62,2909.744,2863.597,2706756.32,2164300.4,2262776.73,-1.63
190,2016/3/24,2986.8,2998.15,2960.97,2960.54,2370064,-48.99,-1.63,2988.848,2925.368,2874.583,2780188.7,2262327.34,2246137.72,0.62
189,2016/3/25,2956.2,2981.41,2979.43,2952.11,1750743.5,18.46,0.62,2993.704,2942.28,2885.194,2503671.95,2310154.14,2238119.66,-0.72
188,2016/3/28,2988.01,3008.17,2957.82,2948.53,2020212.38,-21.61,-0.72,2981.508,2952.112,2898.686,2202913.53,2317359.35,2235424.92,-1.28
187,2016/3/29,2956.71,2962.2,2919.83,2905.25,1829653.5,-37.99,-1.28,2965.602,2957.658,2908.019,2028089.58,2336938.04,2233303.88,2.77
186,2016/3/30,2941.22,3001.11,3000.64,2941.22,2103714.5,80.81,2.77,2963.738,2970.679,2915.567,2014877.58,2360816.95,2203008.71,0.11
185,2016/3/31,3009.37,3023.41,3003.92,2992.92,2204134.5,3.28,0.11,2972.328,2980.588,2922.775,1981691.68,2380940.19,2169476.34,0.19
184,2016/4/1,2997.09,3009.67,3009.53,2956.25,2065458.62,5.61,0.19,2978.348,2986.026,2929.544,2044634.7,2274153.33,2116501.68,1.45
183,2016/4/5,3000.94,3057.33,3053.07,2993.15,2567303.5,43.54,1.45,2997.398,2989.453,2937.33,2154052.92,2178483.23,2136133.44,-0.08
182,2016/4/6,3039.74,3059.79,3050.59,3029,2322620.5,-2.48,-0.08,3023.55,2994.576,2944.79,2252646.32,2140367.95,2135523.14,-1.38
181,2016/4/7,3058.34,3062.36,3008.42,3007.06,2209195,-42.17,-1.38,3025.106,2994.422,2952.083,2273742.42,2144310,2154305.2,-0.78
180,2016/4/8,2988.2,2996.17,2984.96,2960.46,1879046.38,-23.46,-0.78,3021.314,2996.821,2961.095,2208724.8,2095208.24,2178767.79,1.64
179,2016/4/11,3006.91,3048.98,3033.96,3006.91,2200183.25,49,1.64,3026.2,3002.274,2972.277,2235669.73,2140152.21,2225153.17,-0.34
178,2016/4/12,3031.3,3036.82,3023.65,3001.32,1827186.62,-10.31,-0.34,3020.316,3008.857,2980.485,2087646.35,2120849.64,2219104.49,1.42
177,2016/4/13,3041.36,3097.16,3066.64,3041.36,3100032.5,42.99,1.42,3023.526,3023.538,2990.598,2243128.75,2247887.54,2292412.79,0.51
176,2016/4/14,3080.09,3086.7,3082.36,3056.99,2082378.25,15.72,0.51,3038.314,3031.71,3001.195,2217765.4,2245753.91,2303285.43,-0.14
175,2016/4/15,3085.03,3089.95,3078.12,3066.87,1896130.5,-4.24,-0.14,3056.946,3039.13,3009.859,2221182.22,2214953.51,2297946.85,-1.44
174,2016/4/18,3058.46,3058.46,3033.66,3022.97,1833045.12,-44.46,-1.44,3056.886,3041.543,3013.785,2147754.6,2191712.16,2232932.74,0.3
173,2016/4/19,3047.13,3054.5,3042.82,3024.9,1565332,9.16,0.3,3060.72,3040.518,3014.986,2095383.67,2091515.01,2134999.12,-2.31
172,2016/4/20,3050.38,3055.69,2972.58,2905.05,2831442.25,-70.24,-2.31,3041.908,3032.717,3013.647,2041665.62,2142397.19,2141382.57,-0.66
171,2016/4/21,2954.37,2990.67,2952.89,2943.46,1894068.5,-19.69,-0.66,3016.014,3027.164,3010.793,2004003.67,2110884.54,2127597.27,0.21
170,2016/4/22,2933.03,2960.21,2959.24,2926.78,1372116.62,6.35,0.21,2992.238,3024.592,3010.707,1899200.9,2060191.56,2077699.9,-0.42
169,2016/4/25,2949.97,2954.09,2946.67,2917.02,1258562.38,-12.57,-0.42,2974.84,3015.863,3009.069,1784304.35,1966029.47,2053090.84,0.61
168,2016/4/26,2944.72,2965.43,2964.7,2933.97,1177116,18.03,0.61,2959.216,3009.968,3009.412,1706661.15,1901022.41,2010936.02,-0.37
167,2016/4/27,2967.19,2976.02,2953.67,2949.43,1308676.38,-11.03,-0.37,2955.434,2998.671,3011.104,1402107.98,1721886.8,1984887.17,-0.27
166,2016/4/28,2955.74,2959.51,2945.59,2916.37,1386632.75,-8.08,-0.27,2953.974,2984.994,3008.352,1300620.83,1652312.25,1949033.08,-0.25
165,2016/4/29,2935.38,2950.58,2938.32,2930.36,1093106.25,-7.27,-0.25,2949.79,2971.014,3005.072,1244818.75,1572009.83,1893481.67,1.85
164,2016/5/3,2940.39,2993.53,2992.64,2929.81,1687036.38,54.32,1.85,2958.984,2966.912,3004.228,1330513.55,1557408.95,1874560.56,-0.05
163,2016/5/4,2983.03,3004.42,2991.27,2978.33,1654071,-1.37,-0.05,2964.298,2961.757,3001.138,1425904.55,1566282.85,1828898.93,0.22
162,2016/5/5,2987.02,2999.12,2997.84,2977.2,1448313.88,6.57,0.22,2973.132,2964.283,2998.5,1453832.05,1427970.01,1785183.6,-2.82
161,2016/5/6,2998.4,3003.59,2913.25,2913.04,2067965,-84.59,-2.82,2966.664,2960.319,2993.742,1590098.5,1445359.66,1778122.1,-2.79
160,2016/5/9,2896.16,2896.16,2832.11,2821.83,1803783.25,-81.14,-2.79,2945.422,2947.606,2986.099,1732233.9,1488526.33,1774358.94,0.02
159,2016/5/10,2822.33,2845.24,2832.59,2820.16,1208293.12,0.48,0.02,2913.412,2936.198,2976.031,1636485.25,1483499.4,1724764.44,0.16
158,2016/5/11,2843.54,2857.25,2837.04,2818.7,1357954.62,4.45,0.16,2882.566,2923.432,2966.7,1577261.97,1501583.26,1701302.84,-0.04
157,2016/5/12,2812.11,2839.28,2835.86,2781.24,1363376.5,-1.18,-0.04,2850.17,2911.651,2955.161,1560274.5,1507053.28,1614470.04,-0.31
156,2016/5/13,2828.46,2850.09,2827.11,2814.11,1143197.12,-8.75,-0.31,2832.942,2899.803,2942.399,1375320.92,1482709.71,1567510.98,0.84
155,2016/5/16,2816.78,2851.23,2850.86,2804.99,1146535.88,23.75,0.84,2836.692,2891.057,2931.035,1243871.45,1488052.68,1530031.25,-0.25
154,2016/5/17,2850.93,2860.32,2843.68,2832.46,1233690.62,-7.18,-0.25,2838.91,2876.161,2921.536,1248950.95,1442718.1,1500063.53,-1.27
153,2016/5/18,2828.18,2828.26,2807.51,2781.42,1404878.25,-36.17,-1.27,2833.004,2857.785,2909.771,1258335.67,1417798.82,1492040.84,-0.02
152,2016/5/19,2802.31,2829.4,2806.91,2801.55,1115950.75,-0.6,-0.02,2827.214,2838.692,2901.487,1208850.52,1384562.51,1406266.26,0.66
151,2016/5/20,2792.89,2825.95,2825.48,2785.08,1087009,18.57,0.66,2826.888,2829.915,2895.117,1197612.9,1286466.91,1365913.29,0.64
150,2016/5/23,2826.31,2848.07,2843.65,2826.26,1204704.5,18.17,0.64,2825.446,2831.069,2889.337,1209246.62,1226559.04,1357542.68,-0.77
149,2016/5/24,2839.68,2839.7,2821.67,2807.19,1114524.5,-21.98,-0.77,2821.044,2829.977,2883.087,1185413.4,1217182.17,1350340.79,-0.23
148,2016/5/25,2835.03,2843.17,2815.09,2807.75,1035272.62,-6.58,-0.23,2822.56,2827.782,2875.607,1111492.27,1184913.97,1343248.62,0.26
147,2016/5/26,2813.54,2827.09,2822.44,2780.76,1147668,7.35,0.26,2825.666,2826.44,2869.045,1117835.72,1163343.12,1335198.2,-0.05
146,2016/5/27,2817.97,2832.8,2821.05,2809.8,1098458.25,-1.39,-0.05,2824.78,2825.834,2862.819,1120125.57,1158869.24,1320789.47,0.05
145,2016/5/30,2814.65,2830.97,2822.45,2794.66,1063195.88,1.4,0.05,2820.54,2822.993,2857.025,1091823.85,1150535.24,1319293.96,3.34
144,2016/5/31,2822.59,2917.14,2916.62,2822.59,2152603.5,94.17,3.34,2839.53,2830.287,2853.224,1299439.65,1242426.52,1342572.31,-0.11
143,2016/6/1,2917.15,2929.08,2913.51,2909.51,1883864.25,-3.11,-0.11,2859.214,2840.887,2849.336,1469157.98,1290325.13,1354061.97,0.4
142,2016/6/2,2911.22,2925.67,2925.23,2906.52,1597169.12,11.72,0.4,2879.772,2852.719,2845.706,1559058.2,1338446.96,1361504.74,0.46
141,2016/6/3,2929.79,2945.52,2938.68,2915.19,1720210.25,13.45,0.46,2903.298,2864.039,2846.977,1683408.6,1401767.09,1344117,-0.16
140,2016/6/6,2940.99,2945.94,2934.1,2922.28,1419937.38,-4.58,-0.16,2925.628,2873.084,2852.077,1754756.9,1423290.37,1324924.71,0.07
139,2016/6/7,2936.28,2938.44,2936.04,2923.5,1329878.62,1.94,0.07,2929.512,2884.521,2857.249,1590211.92,1444825.79,1331003.98,-0.3
138,2016/6/8,2932.38,2937.99,2927.16,2908.37,1430460.75,-8.88,-0.3,2932.242,2895.728,2861.755,1499531.22,1484344.6,1334629.29,-3.21
137,2016/6/13,2897.27,2911.16,2833.07,2832.51,1692554.38,-94.09,-3.21,2913.81,2896.791,2861.616,1518608.28,1538833.24,1351088.18,0.32
136,2016/6/14,2824.23,2843.46,2842.19,2822.06,1197552.75,9.12,0.32,2894.512,2898.905,2862.37,1414076.78,1548742.69,1353805.96,1.58
135,2016/6/15,2814.69,2894.26,2887.21,2811.78,1666710.75,45.02,1.58,2885.134,2905.381,2864.187,1463431.45,1609094.18,1379814.71,-0.5
134,2016/6/16,2878.4,2887.74,2872.82,2865.39,1738827.62,-14.39,-0.5,2872.49,2901.001,2865.644,1545221.25,1567716.59,1405071.56,0.43
133,2016/6/17,2873.01,2900.3,2885.11,2872.18,1714725.12,12.29,0.43,2864.08,2898.161,2869.524,1602074.12,1550802.67,1420563.9,0.13
132,2016/6/20,2887.64,2891.66,2888.81,2864.02,1365710.5,3.7,0.13,2875.228,2894.519,2873.619,1536705.35,1527656.81,1433051.89,-0.35
131,2016/6/21,2898.38,2919.3,2878.56,2869.18,1643590.88,-10.25,-0.35,2882.502,2888.507,2876.273,1625912.97,1519994.88,1460880.98,0.94
130,2016/6/22,2872.73,2905.98,2905.55,2869.51,1305904.25,26.99,0.94,2886.17,2885.652,2879.368,1553751.67,1508591.56,1465940.97,-0.47
129,2016/6/23,2902.4,2904.11,2891.96,2878.66,1361373.75,-13.59,-0.47,2889.998,2881.244,2882.883,1478260.9,1511741.08,1478283.43,-1.3
128,2016/6/24,2883.76,2899.57,2854.29,2807.6,1908426.12,-37.67,-1.3,2883.834,2873.957,2884.843,1517001.1,1559537.61,1521941.11,1.45
127,2016/6/27,2840.56,2895.73,2895.7,2840.28,1566974.75,41.41,1.45,2885.212,2880.22,2888.506,1557253.95,1546979.65,1542906.44,0.58
126,2016/6/28,2885.01,2913.58,2912.56,2878.82,1738710.5,16.86,0.58,2892.012,2887.257,2893.081,1576277.87,1601095.42,1574919.06,0.65
125,2016/6/29,2918.53,2934,2931.59,2915.06,1932155.88,19.03,0.65,2897.22,2891.695,2898.538,1701528.2,1627639.94,1618367.06,-0.07
124,2016/6/30,2931.48,2938.14,2929.61,2922.31,1544649.25,-1.98,-0.07,2904.75,2897.374,2899.188,1738183.3,1608222.1,1587969.34,0.1
123,2016/7/1,2931.8,2944.99,2932.48,2925.81,1412462.25,2.87,0.1,2920.388,2902.111,2900.136,1638990.53,1577995.81,1564399.24,1.91
122,2016/7/4,2924.29,2992.5,2988.6,2922.52,2220171.25,56.12,1.91,2938.968,2912.09,2903.305,1769629.83,1663441.89,1595549.35,0.59
121,2016/7/5,2991.75,3010.28,3006.39,2990.64,2352044.5,17.79,0.59,2957.734,2924.873,2906.69,1892296.63,1734287.25,1627141.06,0.36
120,2016/7/6,2998.52,3017.65,3017.29,2984.83,2123709.25,10.9,0.36,2974.874,2936.047,2910.85,1930607.3,1816067.75,1662329.66,-0.01
119,2016/7/7,3009.35,3024.11,3016.85,2994.64,2226816.75,-0.44,-0.01,2992.322,2948.536,2914.89,2067040.8,1902612.05,1707176.56,-0.95
118,2016/7/8,3000.33,3001.55,2988.09,2983.88,1689868.62,-28.76,-0.95,3003.444,2961.916,2917.937,2122522.07,1880756.3,1720146.96,0.23
117,2016/7/11,2993.75,3022.94,2994.92,2990.91,2243382.25,6.83,0.23,3004.708,2971.838,2926.029,2127164.27,1948397.05,1747688.35,1.82
116,2016/7/12,2992.52,3049.68,3049.38,2984.42,2594863,54.46,1.82,3013.306,2985.52,2936.389,2175727.97,2034012.3,1817553.86,0.37
115,2016/7/13,3049.51,3069.05,3060.69,3048.2,2536593.75,11.31,0.37,3021.986,2998.43,2945.062,2258304.87,2094456.09,1861048.01,-0.22
114,2016/7/14,3054.97,3057.05,3054.02,3036.52,1801948,-6.67,-0.22,3029.42,3010.871,2954.123,2173331.12,2120185.96,1864204.03,0.01
113,2016/7/15,3056.68,3062.68,3054.3,3044.54,1728664,0.28,0.01,3042.662,3023.053,2962.582,2181090.2,2151806.14,1864900.98,-0.35
112,2016/7/18,3047.64,3058.32,3043.56,3031.64,1774965.62,-10.74,-0.35,3052.39,3028.549,2970.32,2087406.87,2107285.57,1885363.73,-0.23
111,2016/7/19,3040.23,3043.6,3036.6,3014.29,1553614.62,-6.96,-0.23,3049.834,3031.57,2978.222,1879157.2,2027442.59,1880864.92,-0.29
110,2016/7/20,3034.71,3043,3027.9,3022.63,1382428.12,-8.7,-0.29,3043.276,3032.631,2984.339,1648324.07,1953314.47,1884691.11,0.37
109,2016/7/21,3027.6,3053.33,3039.01,3027.37,1637673.75,11.11,0.37,3040.274,3034.847,2991.692,1615469.22,1894400.17,1898506.11,-0.86
108,2016/7/22,3038.12,3039.27,3012.82,3007.46,1620101.75,-26.19,-0.86,3031.978,3037.32,2999.618,1593756.77,1887423.49,1884089.89,0.1
107,2016/7/25,3008.09,3027.12,3015.83,3003.29,1442065.88,3.01,0.1,3026.432,3039.411,3005.624,1527176.82,1807291.85,1877844.45,1.14
106,2016/7/26,3014.04,3050.61,3050.17,3013.8,1566945,34.34,1.14,3029.146,3039.49,3012.505,1529842.9,1704500.05,1869256.17,-1.91
105,2016/7/27,3050.37,3057.42,2992,2939.23,2801609.25,-58.17,-1.91,3021.966,3032.621,3015.525,1813679.13,1731001.6,1912728.84,0.08
104,2016/7/28,2980.5,3003.36,2994.32,2968.18,1905649.5,2.32,0.08,3013.028,3026.651,3018.761,1867274.28,1741371.75,1930778.86,-0.5
103,2016/7/29,2992.54,3000.05,2979.34,2972.92,1501015.38,-14.98,-0.5,3006.332,3019.155,3021.104,1843457,1718606.89,1935206.51,-0.87
102,2016/8/1,2971.95,2972.88,2953.39,2931.96,1474077.62,-25.95,-0.87,2993.844,3010.138,3019.344,1849859.35,1688518.09,1897901.83,0.61
101,2016/8/2,2950.08,2971.28,2971.28,2946.64,1154689,17.89,0.61,2978.066,3003.606,3017.588,1767408.15,1648625.53,1838034.06,0.24
100,2016/8/3,2963.21,2981.16,2978.46,2956.79,1411413.38,7.18,0.24,2975.358,2998.662,3015.647,1489368.98,1651524.05,1802419.26,0.13
99,2016/8/4,2976.41,2982.86,2982.43,2958.93,1339333,3.97,0.13,2972.98,2993.004,3013.926,1376105.68,1621689.98,1758045.07,-0.19
98,2016/8/5,2978.78,2991.68,2976.7,2971.56,1418571,-5.73,-0.19,2972.452,2989.392,3013.356,1359616.8,1601536.9,1744480.19,0.93
97,2016/8/8,2972.62,3004.72,3004.28,2959.05,1557298.38,27.58,0.93,2982.63,2988.237,3013.824,1376260.95,1613060.15,1710176,0.71
96,2016/8/9,3001.31,3025.91,3025.68,2998.68,1699954.5,21.4,0.71,2993.51,2985.788,3012.639,1485314.05,1626361.1,1665430.58,-0.23
95,2016/8/10,3023.47,3033.2,3018.75,3017.09,1646751.62,-6.93,-0.23,3001.568,2988.463,3010.542,1532381.7,1510875.34,1620938.47,-0.53
94,2016/8/11,3013.68,3038.05,3002.64,3001.17,1618794.75,-16.11,-0.53,3005.61,2989.295,3007.973,1588274.05,1482189.86,1611780.81,1.6
93,2016/8/12,3000.27,3051.05,3050.67,2999.04,1681736.62,48.03,1.6,3020.404,2996.428,3007.792,1640907.17,1500261.99,1609434.44,2.44
92,2016/8/15,3056.48,3137.48,3125.2,3053.87,2976165,74.53,2.44,3044.588,3013.609,3011.874,1924680.5,1650470.73,1669494.41,-0.48
91,2016/8/16,3130.53,3140.44,3110.04,3102.07,2783289.25,-15.16,-0.48,3061.46,3027.485,3015.546,2141347.45,1813330.75,1730978.14,-0.02
90,2016/8/17,3106.99,3114.25,3109.55,3090.28,2138396.25,-0.49,-0.02,3079.62,3040.594,3019.628,2239676.37,1886029.04,1768776.54,-0.17
89,2016/8/18,3107.75,3125.58,3104.11,3093.32,2293590.75,-5.44,-0.17,3099.914,3052.762,3022.883,2374635.57,1981454.81,1801572.39,0.13
88,2016/8/19,3100.39,3113.34,3108.1,3082.77,1943474.5,3.99,0.13,3111.4,3065.902,3027.647,2426983.15,2033945.16,1817741.03,-0.75
87,2016/8/22,3107.38,3112.74,3084.81,3083.59,1853879.25,-23.29,-0.75,3103.322,3073.955,3031.096,2202526,2063603.25,1838331.7,0.16
86,2016/8/23,3081.57,3101.11,3089.71,3073.53,1613689.62,4.9,0.16,3099.256,3080.358,3033.073,1968606.07,2054976.76,1840668.93,-0.12
85,2016/8/24,3092.02,3097.15,3085.88,3079.55,1457074.38,-3.83,-0.12,3094.522,3087.071,3037.767,1832341.7,2036009.04,1773442.19,-0.57
84,2016/8/25,3073.44,3073.44,3068.33,3041.51,1740329.75,-17.55,-0.57,3087.366,3093.64,3041.467,1721689.5,2048162.54,1765176.2,0.07
83,2016/8/26,3069.85,3087.65,3070.31,3063.89,1496639,1.98,0.07,3079.808,3095.604,3046.016,1632322.4,2029652.78,1764957.38,-0.01
82,2016/8/29,3068.46,3074.94,3070.03,3058.79,1445000.12,-0.28,-0.01,3076.852,3090.087,3051.848,1550546.57,1876536.29,1763503.51,0.15
81,2016/8/30,3071.44,3082.99,3074.68,3065.97,1404348.12,4.65,0.15,3073.846,3086.551,3057.018,1508678.27,1738642.17,1775986.46,0.35
80,2016/8/31,3072.92,3087.7,3085.49,3063.4,1413686.12,10.81,0.35,3073.768,3084.145,3062.37,1500000.62,1666171.16,1776100.1,-0.72
79,2016/9/1,3083.96,3088.7,3063.31,3062.88,1551910.88,-22.18,-0.72,3072.764,3080.065,3066.413,1462316.85,1592003.17,1786728.99,0.13
78,2016/9/2,3057.49,3072.53,3067.35,3050.49,1504469.25,4.04,0.13,3072.172,3075.99,3070.946,1463882.9,1548102.65,1791023.91,0.15
77,2016/9/5,3070.71,3085.49,3072.1,3065.33,1449633.12,4.75,0.15,3072.586,3074.719,3074.337,1464809.5,1507678.04,1785640.64,0.61
76,2016/9/6,3071.06,3095.51,3090.71,3053.19,1729085.25,18.61,0.61,3075.792,3074.819,3077.589,1529756.92,1519217.6,1787097.18,0.04
75,2016/9/7,3091.33,3105.68,3091.93,3087.88,1869567.62,1.22,0.04,3077.08,3075.424,3081.247,1620933.22,1560466.92,1798237.98,0.13
74,2016/9/8,3089.95,3096.78,3095.95,3083.9,1458837.75,4.02,0.13,3083.608,3078.186,3085.913,1602318.6,1532317.72,1790240.13,-0.55
73,2016/9/9,3095.43,3101.79,3078.85,3078.22,1606929.25,-17.1,-0.55,3085.908,3079.04,3087.322,1622810.6,1543346.75,1786499.76,-1.85
72,2016/9/12,3037.51,3040.95,3021.98,2999.93,2060120.88,-56.87,-1.85,3075.884,3074.235,3082.161,1744908.15,1604858.82,1740697.56,0.05
71,2016/9/13,3025.03,3029.72,3023.51,3008.74,1353875.75,1.53,0.05,3062.444,3069.118,3077.835,1669866.25,1599811.59,1669226.88,-0.68
70,2016/9/14,3008.9,3017.94,3002.85,2995.42,1334134,-20.66,-0.68,3044.628,3060.854,3072.499,1562779.53,1591856.38,1629013.77,0.77
69,2016/9/19,3005.32,3026.65,3026.05,3005.32,1192250.25,23.2,0.77,3030.648,3057.128,3068.596,1509462.03,1555890.31,1573946.74,-0.1
68,2016/9/20,3027.17,3027.82,3023,3015.88,1189241.12,-3.05,-0.1,3019.478,3052.693,3064.341,1425924.4,1524367.5,1536235.07,0.1
67,2016/9/21,3021.58,3032.45,3025.87,3017.54,1157212.12,2.87,0.1,3020.256,3048.07,3061.394,1245342.65,1495125.4,1501401.72,0.54
66,2016/9/22,3038.42,3054.44,3042.31,3035.07,1393095.5,16.44,0.54,3024.016,3043.23,3059.024,1253186.6,1461526.42,1490372.01,-0.28
65,2016/9/23,3044.79,3046.8,3033.9,3032.8,1255909.75,-8.41,-0.28,3030.226,3037.427,3056.425,1237541.75,1400160.64,1480313.78,-1.76
64,2016/9/26,3028.24,3028.24,2980.43,2980.12,1443302.88,-53.47,-1.76,3021.102,3025.875,3052.03,1287752.27,1398607.15,1465462.44,0.59
63,2016/9/27,2974.59,2998.23,2998.17,2969.13,1217014.5,17.74,0.59,3016.136,3017.807,3048.423,1293306.95,1359615.68,1451481.21,-0.34
62,2016/9/28,3000.7,3000.7,2987.86,2984.32,1046257,-10.31,-0.34,3008.534,3014.395,3044.315,1271115.93,1258229.29,1431544.06,0.35
61,2016/9/29,2992.17,3009.2,2998.48,2991.91,1132139.25,10.62,0.35,2999.768,3011.892,3040.505,1218924.68,1236055.64,1417933.61,0.21
60,2016/9/30,2994.25,3009.2,3004.7,2993.06,1013335.62,6.22,0.21,2993.928,3012.077,3036.466,1170409.85,1203975.8,1397916.09,1.45
59,2016/10/10,3020.46,3048.24,3048.14,3014.62,1600511,43.44,1.45,3007.47,3014.286,3035.707,1201851.47,1244801.87,1400346.09,0.56
58,2016/10/11,3051.62,3066.1,3065.25,3048.02,1672735,17.11,0.56,3020.886,3018.511,3035.602,1292995.57,1293151.26,1408759.38,-0.22
57,2016/10/12,3057.32,3060.51,3058.5,3048.89,1424935.75,-6.75,-0.22,3035.014,3021.774,3034.922,1368731.32,1319923.63,1407524.51,0.09
56,2016/10/13,3057.97,3065,3061.35,3052.64,1547567.25,2.85,0.09,3047.588,3023.678,3033.454,1451816.92,1335370.8,1398448.61,0.08
55,2016/10/14,3056.99,3064.79,3063.81,3043.18,1553737,2.46,0.08,3059.41,3026.669,3032.048,1559897.2,1365153.53,1382657.08,-0.74
54,2016/10/17,3064.69,3068.81,3041.17,3033.75,1637332.62,-22.64,-0.74,3058.016,3032.743,3029.309,1567261.52,1384556.5,1391581.82,1.4
53,2016/10/18,3037.4,3084.19,3083.88,3037.4,1820424.62,42.71,1.4,3061.742,3041.314,3029.561,1596799.45,1444897.51,1402256.59,0.03
52,2016/10/19,3085.75,3096.22,3084.72,3076.77,1824701.38,0.84,0.03,3066.986,3051,3032.698,1676752.57,1522741.95,1390485.62,-0.01
51,2016/10/20,3084.91,3089.68,3084.46,3076.29,1606913.62,-0.26,-0.01,3071.608,3059.598,3035.745,1688621.85,1570219.39,1403137.51,0.21
50,2016/10/21,3081.39,3101.85,3090.94,3069.27,1873880.75,6.48,0.21,3077.034,3068.222,3040.15,1752650.6,1656273.9,1430124.85,1.21
49,2016/10/24,3092.05,3137.03,3128.25,3090.79,2405223.5,37.31,1.21,3094.45,3076.233,3045.26,1906228.77,1736745.15,1490773.51,0.12
48,2016/10/25,3127.97,3132.5,3131.94,3121.05,2033809,3.69,0.12,3104.062,3082.902,3050.707,1948905.65,1772852.55,1533001.91,-0.5
47,2016/10/26,3129.84,3129.84,3116.31,3110.39,1916632.62,-15.63,-0.5,3110.38,3088.683,3055.229,1967291.9,1822022.24,1570972.93,-0.13
46,2016/10/27,3112.6,3114.76,3112.35,3100.39,1580087.88,-3.96,-0.13,3115.958,3093.783,3058.731,1961926.75,1825274.3,1580322.55,-0.26
45,2016/10/28,3111.7,3128.64,3104.27,3101.24,1817741.25,-8.08,-0.26,3118.624,3097.829,3062.249,1950698.85,1851674.72,1608414.12,-0.12
44,2016/10/31,3097.19,3102.3,3100.49,3081.07,1515067.62,-3.78,-0.12,3113.072,3103.761,3068.252,1772667.67,1839448.22,1612002.36,0.71
43,2016/11/1,3101.66,3122.61,3122.44,3097.04,1602320.38,21.95,0.71,3111.172,3107.617,3074.465,1686369.95,1817637.8,1631267.66,-0.63
42,2016/11/2,3115.73,3118.98,3102.73,3099.82,1827220.62,-19.71,-0.63,3108.456,3109.418,3080.209,1668487.55,1817889.72,1670315.84,0.84
41,2016/11/3,3096.77,3140.93,3128.94,3094.1,2229862.5,26.21,0.84,3111.774,3113.866,3086.732,1798442.47,1880184.61,1725202,-0.12
40,2016/11/4,3126.35,3141.33,3125.32,3119.54,1976832,-3.62,-0.12,3115.984,3117.304,3092.763,1830260.62,1890479.74,1773376.82,0.26
39,2016/11/7,3124.89,3139.2,3133.33,3117.1,1794184.88,8.01,0.26,3122.552,3117.812,3097.022,1886084.08,1829375.88,1783060.51,0.47
38,2016/11/8,3140.94,3156.88,3147.89,3134.95,1908469.75,14.56,0.47,3127.642,3119.407,3101.154,1947313.95,1816841.95,1794847.25,-0.62
37,2016/11/9,3146.08,3146.95,3128.37,3096.95,2411149.5,-19.52,-0.62,3132.77,3120.613,3104.648,2064099.73,1866293.64,1844157.94,1.37
36,2016/11/10,3148.54,3172.31,3171.28,3148.54,2441926,42.91,1.37,3141.238,3126.506,3110.144,2106512.43,1952477.45,1888875.87,0.78
35,2016/11/11,3169.4,3202.74,3196.04,3166.07,3108545.75,24.76,0.78,3155.382,3135.683,3116.756,2332855.18,2081557.9,1966616.31,0.45
34,2016/11/14,3187.71,3221.46,3210.37,3186.8,3296083.25,14.33,0.45,3170.79,3146.671,3125.216,2633234.85,2259659.46,2049553.84,-0.1
33,2016/11/15,3209.95,3214.29,3206.99,3195.04,2408863.5,-3.38,-0.1,3182.61,3155.126,3131.371,2733313.6,2340313.78,2078975.79,-0.06
32,2016/11/16,3208.5,3210.89,3205.06,3195.41,2217670,-1.93,-0.06,3197.948,3165.359,3137.389,2694617.7,2379358.71,2098624.22,0.11
31,2016/11/17,3198.5,3211.05,3208.45,3187.21,2142062.5,3.39,0.11,3205.382,3173.31,3143.588,2634645,2370578.71,2125381.66,-0.49
30,2016/11/18,3207.19,3212.39,3192.86,3187.5,2098266.5,-15.59,-0.49,3204.746,3180.064,3148.684,2432589.15,2382722.16,2136600.95,0.79
29,2016/11/21,3188.5,3229.76,3218.15,3188.28,2306528.5,25.29,0.79,3206.302,3188.546,3153.179,2234678.2,2433956.53,2131666.2,0.94
28,2016/11/22,3220.98,3249.68,3248.35,3220.98,2616315.5,30.2,0.94,3214.574,3198.592,3159,2276168.6,2504741.1,2160791.53,-0.22
27,2016/11/23,3247.94,3262.88,3241.14,3231.59,2499596,-7.21,-0.22,3221.79,3209.869,3165.241,2332553.8,2513585.75,2189939.69,0.02
26,2016/11/24,3237.43,3257.86,3241.74,3232.87,2323245.25,0.6,0.02,3228.448,3216.915,3171.711,2368790.35,2501717.67,2227097.56,0.62
25,2016/11/25,3241.24,3262.44,3261.94,3209.6,2339216,20.2,0.62,3242.264,3223.505,3179.594,2416980.25,2424784.7,2253171.3,0.46
24,2016/11/28,3270.05,3288.34,3277,3267.67,2815512.5,15.06,0.46,3254.034,3230.168,3188.42,2518777.05,2376727.63,2318193.54,0.18
23,2016/11/29,3269.23,3301.21,3282.92,3263.4,3208362.75,5.92,0.18,3260.948,3237.761,3196.444,2637186.5,2456677.55,2398495.66,-1
22,2016/11/30,3272.14,3277.27,3250.03,3239.52,2435760.5,-32.89,-1,3262.726,3242.258,3203.809,2624419.4,2478486.6,2428922.66,0.72
21,2016/12/1,3257.03,3279.67,3273.31,3256.26,2377598.75,23.28,0.72,3269.04,3248.744,3211.027,2635290.1,2502040.23,2436309.47,-0.9
20,2016/12/2,3270.12,3279.71,3243.84,3235.28,2595672,-29.47,-0.9,3265.42,3253.842,3216.953,2686581.3,2551780.78,2467251.47,-1.21
19,2016/12/5,3203.78,3219.52,3204.71,3194.88,2230104,-39.13,-1.21,3250.962,3252.498,3220.522,2569499.6,2544138.33,2489047.42,-0.16
18,2016/12/6,3202.03,3215.31,3199.65,3196.52,1575726.88,-5.06,-0.16,3234.308,3247.628,3223.11,2242972.43,2440079.46,2472410.28,0.71
17,2016/12/7,3198.47,3222.43,3222.24,3189.49,1690728.5,22.59,0.71,3228.75,3245.738,3227.803,2093966.03,2359192.71,2436389.23,-0.21
16,2016/12/8,3225.55,3228.12,3215.37,3211.47,1707101.75,-6.87,-0.21,3217.162,3243.101,3230.008,1959866.63,2297578.36,2399648.02,0.55
15,2016/12/9,3209.34,3244.8,3232.88,3207.04,2040239.5,17.51,0.55,3214.97,3240.195,3231.85,1848780.13,2267680.71,2346232.71,-2.47
14,2016/12/12,3233.67,3245.09,3152.97,3149.9,2747084.5,-79.91,-2.47,3204.622,3227.792,3228.98,1952176.23,2260837.91,2318782.77,0.07
13,2016/12/13,3138.99,3162.5,3155.04,3118.71,1851645,2.07,0.07,3195.7,3215.004,3226.382,2007359.85,2125166.14,2290921.84,-0.46
12,2016/12/14,3149.38,3170.02,3140.53,3136.35,2013588.88,-14.51,-0.46,3179.358,3204.054,3223.156,2071931.93,2082948.98,2280717.79,-0.73
11,2016/12/15,3125.76,3138.78,3117.68,3100.91,1899906.25,-22.85,-0.73,3159.82,3188.491,3218.618,2110492.83,2035179.73,2268609.98,0.17
10,2016/12/16,3111.51,3128.87,3122.98,3106.35,1649887,5.3,0.17,3137.84,3176.405,3215.123,2032422.33,1940601.23,2246191,-0.16
9,2016/12/19,3120.7,3125.28,3118.08,3110.08,1541697.12,-4.9,-0.16,3130.862,3167.742,3210.12,1791344.85,1871760.54,2207949.43,-0.49
8,2016/12/20,3115.9,3117.01,3102.88,3084.8,1574267.62,-15.2,-0.49,3120.43,3158.065,3202.847,1735869.37,1871614.61,2155847.04,1.11
7,2016/12/21,3107.24,3140.25,3137.43,3107.24,1867066.12,34.55,1.11,3119.81,3149.584,3197.661,1706564.82,1889248.37,2124220.54,0.07
6,2016/12/22,3132.16,3143.17,3139.56,3126.89,1678049.88,2.13,0.07,3124.186,3142.003,3192.552,1662193.55,1886343.19,2091960.78,-0.94
5,2016/12/23,3134.93,3138.4,3110.15,3103.75,1661767.75,-29.41,-0.94,3121.62,3129.73,3184.963,1664569.7,1848496.01,2058088.36,0.4
4,2016/12/26,3095.58,3122.88,3122.57,3068.42,1525718.75,12.42,0.4,3122.518,3126.69,3177.241,1661374.02,1726359.44,1993598.68,-0.25
3,2016/12/27,3117.39,3127.88,3114.66,3113.75,1415289.38,-7.91,-0.25,3124.874,3122.652,3168.828,1629578.38,1682723.88,1903945.01,-0.4
2,2016/12/28,3113.77,3118.78,3102.24,3094.55,1357270.88,-12.42,-0.4,3117.836,3118.823,3161.439,1527619.33,1617092.08,1850020.53,-0.2
1,2016/12/29,3095.84,3111.8,3096.1,3087.34,1326232.88,-6.14,-0.2,3109.144,3116.665,3152.578,1457255.93,1559724.74,1797452.23,0.24
